,"Number of people dying of HIV-related causes","Number of people dying of HIV-related causes","Number of people dying of HIV-related causes","Number of people dying of HIV-related causes","Number of people dying of HIV-related causes","Number of people dying of HIV-related causes","Number of people dying of HIV-related causes","Number of people dying of HIV-related causes","Number of people dying of HIV-related causes","Number of people dying of HIV-related causes","Number of people dying of HIV-related causes","Number of people dying of HIV-related causes","Number of people dying of HIV-related causes","Number of people dying of HIV-related causes","Number of people dying of HIV-related causes","Number of people dying of HIV-related causes","Number of people dying of HIV-related causes","Number of people dying of HIV-related causes","Number of people dying of HIV-related causes","Number of people dying of HIV-related causes","Number of people dying of HIV-related causes","Number of people dying of HIV-related causes","Number of people dying of HIV-related causes"
"Countries, territories and areas","2022","2021","2020","2019","2018","2017","2016","2015","2014","2013","2012","2011","2010","2009","2008","2007","2006","2005","2004","2003","2002","2001","2000"
"Afghanistan","780 [<500–3200]","750 [<500–2900]","720 [<500–2800]","690 [<500–2700]","670 [<500–2600]","660 [<500–2500]","660 [<500–2600]","650 [<500–2500]","630 [<500–2400]","600 [<500–2200]","580 [<500–2000]","550 [<500–1900]","540 [<500–1700]","520 [<500–1600]","<500 [<500–1400]","<500 [<200–1300]","<500 [<200–1100]","<500 [<200–950]","<500 [<200–830]","<500 [<200–710]","<500 [<200–580]","<500 [<200–<500]","<500 [<100–<500]"
"Albania","<100 [<100–<100]","<100 [<100–<100]","<100 [<100–<100]","<100 [<100–<100]","<100 [<100–<100]","<100 [<100–<100]","<100 [<100–<100]","<100 [<100–<100]","<100 [<100–<100]","<100 [<100–<100]","<100 [<100–<100]","<100 [<100–<100]","<100 [<100–<100]","<100 [<100–<100]","<100 [<100–<100]","<100 [<100–<100]","<100 [<100–<100]","<100 [<100–<100]","<100 [<100–<100]","<100 [<100–<100]","<100 [<100–<100]","<100 [<100–<100]","<100 [<100–<100]"
"Algeria","<500 [<500–<500]","<500 [<500–<500]","<500 [<500–<500]","<500 [<500–<500]","<500 [<500–<500]","<500 [<500–<500]","<500 [<500–<500]","<500 [<500–<500]","<500 [<500–<500]","<500 [<500–<500]","<500 [<500–<500]","<500 [<500–<500]","<500 [<500–<500]","<500 [<500–<500]","<500 [<500–<500]","<500 [<500–<500]","<500 [<200–<500]","<200 [<200–<500]","<200 [<200–<200]","<200 [<200–<200]","<200 [<200–<200]","<200 [<200–<200]","<200 [<100–<200]"
"Andorra","No data","No data","No data","No data","No data","No data","No data","No data","No data","No data","No data","No data","No data","No data","No data","No data","No data","No data","No data","No data","No data","No data","No data"
"Angola","13 000 [10 000–17 000]","14 000 [11 000–19 000]","16 000 [13 000–21 000]","17 000 [13 000–22 000]","17 000 [14 000–22 000]","17 000 [14 000–22 000]","16 000 [13 000–20 000]","15 000 [12 000–19 000]","15 000 [12 000–19 000]","17 000 [13 000–20 000]","17 000 [14 000–21 000]","16 000 [13 000–20 000]","16 000 [12 000–20 000]","15 000 [12 000–19 000]","15 000 [11 000–19 000]","14 000 [11 000–18 000]","14 000 [11 000–18 000]","13 000 [10 000–18 000]","12 000 [9100–16 000]","11 000 [8300–15 000]","10 000 [7200–14 000]","9100 [6300–13 000]","8000 [5400–12 000]"
"Antigua and Barbuda","No data","No data","No data","No data","No data","No data","No data","No data","No data","No data","No data","No data","No data","No data","No data","No data","No data","No data","No data","No data","No data","No data","No data"
"Argentina","1300 [950–1600]","1400 [1000–1700]","1400 [1000–1800]","1500 [1100–1800]","1500 [1100–1800]","1400 [1100–1800]","1400 [1000–1800]","1400 [1000–1700]","1300 [990–1700]","1300 [980–1700]","1400 [1000–1700]","1400 [1000–1700]","1400 [1000–1700]","1400 [1000–1700]","1400 [1100–1700]","1500 [1100–1800]","1500 [1100–1800]","1500 [1100–1800]","1500 [1100–1800]","1400 [1100–1700]","1400 [1100–1700]","1400 [1100–1700]","1500 [1200–1800]"
"Armenia","<100 [<100–<200]","<100 [<100–<200]","<100 [<100–<200]","<100 [<100–<100]","<100 [<100–<100]","<100 [<100–<100]","<100 [<100–<200]","<100 [<100–<100]","<100 [<100–<100]","<100 [<100–<100]","<100 [<100–<100]","<100 [<100–<100]","<100 [<100–<100]","<100 [<100–<100]","<100 [<100–<100]","<100 [<100–<100]","<100 [<100–<100]","<100 [<100–<100]","<100 [<100–<100]","<100 [<100–<100]","<100 [<100–<100]","<100 [<100–<100]","<100 [<100–<100]"
"Australia","No data","<100 [<100–<200]","<100 [<100–<200]","<100 [<100–<200]","<100 [<100–<200]","<100 [<100–<200]","<100 [<100–<200]","<100 [<100–<200]","<100 [<100–<200]","<100 [<100–<200]","<100 [<100–<200]","<200 [<100–<200]","<200 [<100–<200]","<200 [<200–<200]","<200 [<100–<200]","<200 [<100–<200]","<200 [<100–<200]","<200 [<100–<200]","<200 [<100–<200]","<200 [<100–<200]","<100 [<100–<200]","<100 [<100–<200]","<100 [<100–<200]"
"Austria","No data","No data","No data","No data","No data","No data","No data","No data","No data","No data","No data","No data","No data","No data","No data","No data","No data","No data","No data","No data","No data","No data","No data"
"Azerbaijan","<100 [<100–<100]","<100 [<100–<100]","<100 [<100–<200]","<200 [<100–<200]","<200 [<100–<200]","<200 [<200–<500]","<200 [<200–<500]","<500 [<200–<500]","<500 [<200–<500]","<500 [<500–<500]","<500 [<500–<500]","<500 [<500–<500]","<500 [<500–500]","<500 [<500–500]","<500 [<500–<500]","<500 [<500–<500]","<500 [<500–<500]","<500 [<200–<500]","<500 [<200–<500]","<200 [<200–<500]","<200 [<100–<500]","<200 [<100–<200]","<100 [<100–<200]"
"Bahamas","No data","No data","No data","<100 [<100–<100]","<100 [<100–<100]","<200 [<100–<200]","<200 [<200–<200]","<200 [<100–<200]","<200 [<200–<200]","<200 [<200–<200]","<200 [<200–<200]","<200 [<200–<200]","<200 [<100–<200]","<200 [<200–<200]","<200 [<200–<200]","<200 [<200–<200]","<200 [<200–<200]","<200 [<200–<500]","<200 [<200–<500]","<500 [<500–<500]","<500 [<500–<500]","<500 [<500–<500]","<500 [<500–<500]"
"Bahrain","No data","No data","No data","No data","No data","No data","No data","No data","No data","No data","No data","No data","No data","No data","No data","No data","No data","No data","No data","No data","No data","No data","No data"
"Bangladesh","600 [520–700]","620 [540–730]","610 [530–710]","600 [520–700]","560 [<500–660]","550 [<500–640]","550 [<500–630]","520 [<500–590]","<500 [<500–550]","<500 [<500–510]","<500 [<500–<500]","<500 [<500–<500]","<500 [<500–<500]","<500 [<500–<500]","<500 [<500–<500]","<500 [<500–<500]","<500 [<200–<500]","<200 [<200–<200]","<200 [<200–<200]","<200 [<100–<200]","<100 [<100–<100]","<100 [<100–<100]","<100 [<100–<100]"
"Barbados","<100 [<100–<100]","<100 [<100–<100]","<100 [<100–<100]","<100 [<100–<100]","<100 [<100–<100]","<100 [<100–<100]","<100 [<100–<100]","<100 [<100–<100]","<100 [<100–<100]","<100 [<100–<100]","<100 [<100–<100]","<100 [<100–<100]","<100 [<100–<100]","<100 [<100–<100]","<100 [<100–<100]","<100 [<100–<100]","<100 [<100–<100]","<100 [<100–<100]","<100 [<100–<100]","<100 [<100–<100]","<200 [<100–<200]","<200 [<100–<200]","<100 [<100–<200]"
"Belarus","<500 [<200–540]","<500 [<200–550]","<500 [<200–510]","<500 [<200–<500]","<500 [<200–510]","<500 [<500–570]","<500 [<500–590]","<500 [<500–620]","<500 [<500–620]","<500 [<500–560]","<500 [<500–540]","<500 [<500–520]","<500 [<500–<500]","<500 [<500–<500]","<500 [<200–<500]","<500 [<200–<500]","<500 [<200–<500]","<500 [<200–<500]","<200 [<200–<500]","<200 [<200–<500]","<200 [<100–<200]","<100 [<100–<200]","<100 [<100–<200]"
"Belgium","<100 [<100–<100]","<100 [<100–<100]","<100 [<100–<100]","<100 [<100–<100]","<100 [<100–<100]","<100 [<100–<100]","<100 [<100–<100]","<100 [<100–<100]","<100 [<100–<100]","<100 [<100–<100]","<100 [<100–<100]","<100 [<100–<100]","<100 [<100–<100]","<100 [<100–<100]","<100 [<100–<200]","<100 [<100–<200]","<100 [<100–<200]","<100 [<100–<200]","<100 [<100–<200]","<100 [<100–<200]","<100 [<100–<200]","<100 [<100–<200]","<100 [<100–<200]"
"Belize","<200 [<100–<200]","<200 [<100–<200]","<200 [<100–<200]","<200 [<100–<200]","<200 [<100–<200]","<200 [<100–<200]","<200 [<100–<200]","<200 [<100–<200]","<200 [<100–<200]","<100 [<100–<200]","<100 [<100–<200]","<100 [<100–<200]","<100 [<100–<200]","<100 [<100–<200]","<100 [<100–<200]","<100 [<100–<200]","<100 [<100–<100]","<100 [<100–<200]","<100 [<100–<100]","<100 [<100–<100]","<100 [<100–<100]","<100 [<100–<100]","<100 [<100–<100]"
"Benin","1900 [1300–2600]","2000 [1300–2800]","2000 [1400–2900]","2400 [1700–3300]","2600 [1800–3500]","2500 [1700–3400]","2600 [1900–3600]","2900 [2100–3900]","3100 [2200–4200]","2800 [2000–3800]","2700 [2100–3600]","2700 [2100–3600]","2800 [2200–3600]","3200 [2500–4000]","4600 [3800–5700]","6100 [5200–7200]","6000 [5100–7200]","5800 [5000–7000]","5700 [4800–6800]","5400 [4600–6500]","5200 [4300–6300]","4900 [3900–6000]","4500 [3600–5700]"
"Bhutan","<100 [<100–<100]","<100 [<100–<100]","<100 [<100–<100]","<100 [<100–<100]","<100 [<100–<100]","<100 [<100–<100]","<100 [<100–<100]","<100 [<100–<100]","<100 [<100–<100]","<100 [<100–<100]","<100 [<100–<100]","<100 [<100–<100]","<100 [<100–<100]","<100 [<100–<100]","<100 [<100–<100]","<100 [<100–<100]","<100 [<100–<100]","<100 [<100–<100]","<100 [<100–<100]","<100 [<100–<100]","<100 [<100–<100]","<100 [<100–<100]","<100 [<100–<100]"
"Bolivia (Plurinational State of)","680 [<500–1000]","690 [<500–1000]","710 [<500–1000]","740 [510–1100]","860 [620–1200]","970 [710–1300]","1000 [760–1400]","1100 [840–1400]","1200 [920–1500]","1200 [920–1500]","1300 [980–1600]","1300 [1000–1600]","1200 [950–1500]","1200 [960–1600]","1300 [1000–1600]","1300 [990–1600]","1200 [970–1500]","1200 [950–1500]","1200 [910–1500]","1100 [830–1400]","1000 [720–1300]","950 [600–1300]","860 [<500–1200]"
"Bosnia and Herzegovina","No data","No data","No data","No data","No data","No data","No data","No data","No data","No data","No data","No data","No data","No data","No data","No data","No data","No data","No data","No data","No data","No data","No data"
"Botswana","3800 [3200–4500]","3900 [3300–4600]","3900 [3300–4500]","4400 [3700–5000]","4500 [3900–5300]","4500 [3800–5300]","4600 [4000–5500]","4600 [4000–5300]","4600 [4100–5400]","4900 [4300–5600]","5100 [4500–5800]","5600 [5000–6300]","6000 [5400–6700]","6800 [6100–7500]","7800 [7000–8800]","8600 [7700–9800]","10 000 [9000–11 000]","12 000 [11 000–13 000]","15 000 [14 000–16 000]","17 000 [16 000–19 000]","18 000 [17 000–20 000]","18 000 [17 000–19 000]","16 000 [15 000–18 000]"
"Brazil","13 000 [9800–16 000]","14 000 [10 000–17 000]","14 000 [11 000–17 000]","14 000 [11 000–18 000]","14 000 [11 000–18 000]","15 000 [12 000–18 000]","16 000 [12 000–19 000]","17 000 [13 000–20 000]","17 000 [13 000–20 000]","16 000 [13 000–19 000]","16 000 [13 000–19 000]","16 000 [13 000–19 000]","15 000 [13 000–18 000]","16 000 [13 000–19 000]","15 000 [13 000–18 000]","15 000 [13 000–17 000]","15 000 [13 000–17 000]","15 000 [13 000–17 000]","14 000 [13 000–16 000]","14 000 [12 000–16 000]","14 000 [12 000–15 000]","14 000 [12 000–15 000]","14 000 [13 000–15 000]"
"Brunei Darussalam","No data","No data","No data","No data","No data","No data","No data","No data","No data","No data","No data","No data","No data","No data","No data","No data","No data","No data","No data","No data","No data","No data","No data"
"Bulgaria","<100 [<100–<100]","<100 [<100–<100]","<100 [<100–<100]","<100 [<100–<100]","<100 [<100–<100]","<100 [<100–<100]","<100 [<100–<100]","<100 [<100–<100]","<100 [<100–<100]","<100 [<100–<100]","<100 [<100–<100]","<100 [<100–<100]","<100 [<100–<100]","<100 [<100–<100]","<100 [<100–<200]","<100 [<100–<200]","<100 [<100–<200]","<100 [<100–<200]","<100 [<100–<200]","<100 [<100–<200]","<100 [<100–<200]","<100 [<100–<100]","<100 [<100–<100]"
"Burkina Faso","2600 [1900–3500]","2800 [2100–3800]","3200 [2500–4200]","3600 [2800–4800]","3800 [3000–5200]","4200 [3400–5600]","4600 [3700–6000]","5000 [4000–6500]","5300 [4100–6800]","5600 [4300–7200]","5600 [4500–7200]","5800 [4600–7500]","6200 [4900–8000]","7000 [5700–8800]","7900 [6400–9900]","8600 [7000–11 000]","9500 [7700–12 000]","11 000 [8800–13 000]","12 000 [9500–15 000]","13 000 [10 000–16 000]","13 000 [10 000–16 000]","13 000 [10 000–17 000]","13 000 [10 000–17 000]"
"Burundi","1300 [910–2000]","1300 [990–2100]","1500 [1100–2300]","1800 [1400–2600]","2000 [1600–2800]","2400 [1900–3200]","2900 [2300–3800]","3700 [2900–4700]","4200 [3300–5200]","4500 [3700–5500]","4900 [4000–5900]","5400 [4400–6500]","6100 [5100–7400]","6700 [5700–7900]","7300 [6300–8600]","8300 [7100–9700]","8900 [7700–11 000]","9600 [8300–11 000]","11 000 [9000–13 000]","11 000 [9500–14 000]","12 000 [9500–14 000]","12 000 [9600–15 000]","12 000 [9600–16 000]"
"Cote d'Ivoire","10 000 [7700–13 000]","10 000 [8100–14 000]","11 000 [8900–15 000]","13 000 [10 000–17 000]","15 000 [12 000–20 000]","18 000 [15 000–23 000]","20 000 [16 000–25 000]","22 000 [18 000–28 000]","24 000 [20 000–30 000]","26 000 [21 000–33 000]","28 000 [23 000–35 000]","31 000 [26 000–39 000]","34 000 [28 000–41 000]","37 000 [31 000–45 000]","44 000 [37 000–53 000]","49 000 [42 000–59 000]","53 000 [45 000–63 000]","58 000 [50 000–68 000]","62 000 [53 000–72 000]","63 000 [53 000–74 000]","64 000 [52 000–76 000]","63 000 [51 000–77 000]","62 000 [49 000–76 000]"
"Cabo Verde","<100 [<100–<100]","<100 [<100–<100]","<100 [<100–<100]","<100 [<100–<100]","<100 [<100–<100]","<100 [<100–<100]","<100 [<100–<100]","<100 [<100–<100]","<100 [<100–<100]","<100 [<100–<100]","<100 [<100–<100]","<100 [<100–<200]","<100 [<100–<200]","<100 [<100–<100]","<100 [<100–<100]","<100 [<100–<200]","<100 [<100–<200]","<200 [<100–<200]","<200 [<200–<200]","<200 [<200–<200]","<200 [<200–<200]","<200 [<100–<200]","<200 [<100–<200]"
"Cambodia","1100 [740–1400]","1200 [780–1500]","1300 [830–1700]","1400 [910–1800]","1600 [1100–2100]","1700 [1200–2200]","1900 [1300–2400]","2000 [1300–2500]","1900 [1300–2500]","1800 [1300–2400]","1600 [1200–2100]","1500 [1200–2000]","1600 [1200–2000]","1900 [1300–2300]","2300 [1800–2700]","2900 [2400–3400]","3700 [3100–4300]","4500 [3800–5100]","4900 [4100–5500]","5100 [4300–5700]","4800 [4000–5400]","4200 [3600–4800]","3600 [3000–4000]"
"Cameroon","10 000 [8600–12 000]","12 000 [9800–14 000]","13 000 [11 000–16 000]","15 000 [13 000–18 000]","17 000 [14 000–20 000]","20 000 [17 000–23 000]","23 000 [19 000–26 000]","24 000 [21 000–28 000]","24 000 [21 000–29 000]","24 000 [21 000–28 000]","25 000 [22 000–29 000]","26 000 [23 000–31 000]","26 000 [23 000–31 000]","27 000 [24 000–32 000]","28 000 [25 000–33 000]","30 000 [27 000–35 000]","31 000 [27 000–36 000]","30 000 [27 000–35 000]","31 000 [28 000–36 000]","31 000 [28 000–36 000]","29 000 [25 000–33 000]","26 000 [23 000–30 000]","23 000 [20 000–27 000]"
"Canada","No data","No data","<500 [<500–<500]","<500 [<500–<500]","<500 [<500–<500]","<500 [<500–<500]","<500 [<500–<500]","<500 [<500–<500]","<500 [<500–<500]","620 [<500–770]","930 [660–1200]","840 [610–1100]","760 [570–960]","1100 [820–1400]","1600 [1100–2100]","1600 [1100–2000]","1500 [1100–1900]","1400 [1000–1800]","1300 [960–1600]","1100 [860–1400]","1200 [940–1500]","1400 [1100–1700]","1400 [1100–1700]"
"Central African Republic","4500 [2700–7700]","4800 [3000–7700]","5000 [3400–7500]","5400 [3900–7700]","5900 [4400–8000]","6100 [4700–8100]","6300 [5000–8200]","7000 [5700–8900]","8400 [7000–10 000]","9200 [7700–11 000]","9500 [8000–11 000]","9600 [8000–12 000]","9500 [7900–12 000]","9600 [7900–12 000]","11 000 [8700–13 000]","12 000 [10 000–15 000]","13 000 [11 000–16 000]","13 000 [11 000–16 000]","14 000 [11 000–17 000]","13 000 [11 000–17 000]","13 000 [11 000–16 000]","13 000 [11 000–16 000]","12 000 [10 000–16 000]"
"Chad","2800 [2000–3900]","3000 [2200–4200]","3300 [2300–4500]","3500 [2500–4900]","3800 [2700–5200]","4000 [2800–5600]","4200 [2800–5800]","4300 [2800–6100]","4300 [2600–6200]","4200 [2600–6100]","4200 [2700–6200]","4200 [2800–6300]","4100 [2800–6200]","4500 [3100–6700]","5700 [4100–8300]","6800 [5000–9500]","7400 [5500–10 000]","8100 [6000–11 000]","8100 [6000–11 000]","7900 [5900–11 000]","7400 [5500–10 000]","7100 [5200–10 000]","6700 [4800–9600]"
"Chile","No data","No data","No data","No data","No data","No data","No data","No data","No data","No data","No data","No data","No data","No data","No data","No data","No data","No data","No data","No data","No data","No data","No data"
"China","No data","No data","No data","No data","No data","No data","No data","No data","No data","No data","No data","No data","No data","No data","No data","No data","No data","No data","No data","No data","No data","No data","No data"
"Colombia","1500 [1000–2400]","1400 [980–2300]","1700 [1200–2500]","2000 [1400–3000]","2400 [1500–3900]","2300 [1400–3700]","2300 [1500–3400]","2500 [1600–3700]","2900 [1800–4300]","3300 [2100–4700]","3800 [2500–5300]","4700 [3300–6300]","6000 [4300–8000]","6500 [4700–8600]","6000 [4200–8300]","4900 [3300–7000]","5000 [3400–7100]","5500 [3800–7900]","5300 [3700–7800]","5100 [3700–7600]","5000 [3600–7300]","4900 [3600–7100]","4600 [3500–6700]"
"Comoros","<100 [<100–<100]","<100 [<100–<100]","<100 [<100–<100]","<100 [<100–<100]","<100 [<100–<100]","<100 [<100–<100]","<100 [<100–<100]","<100 [<100–<100]","<100 [<100–<100]","<100 [<100–<100]","<100 [<100–<100]","<100 [<100–<100]","<100 [<100–<100]","<100 [<100–<100]","<100 [<100–<100]","<100 [<100–<100]","<100 [<100–<100]","<100 [<100–<100]","<100 [<100–<100]","<100 [<100–<100]","<100 [<100–<100]","<100 [<100–<100]","<100 [<100–<100]"
"Congo","7700 [5600–11 000]","7600 [5800–10 000]","7400 [5800–9600]","7100 [5700–9000]","6900 [5600–8400]","6700 [5500–8100]","6500 [5500–7900]","6400 [5400–7600]","6000 [5100–7200]","5800 [4900–6900]","5400 [4500–6400]","5100 [4200–6200]","5100 [4300–6100]","4900 [4100–5900]","5500 [4600–6500]","6200 [5300–7300]","6100 [5200–7300]","6400 [5400–7600]","6700 [5600–7900]","6600 [5500–7900]","6600 [5500–8000]","6500 [5300–7900]","6100 [5000–7500]"
"Cook Islands","No data","No data","No data","No data","No data","No data","No data","No data","No data","No data","No data","No data","No data","No data","No data","No data","No data","No data","No data","No data","No data","No data","No data"
"Costa Rica","<200 [<200–<500]","<200 [<200–<500]","<200 [<200–<500]","<200 [<200–<500]","<200 [<200–<500]","<500 [<200–<500]","<500 [<200–<500]","<500 [<200–<500]","<500 [<200–<500]","<200 [<200–<500]","<200 [<100–<200]","<200 [<100–<200]","<200 [<200–<200]","<500 [<200–<500]","<200 [<200–<500]","<200 [<200–<500]","<200 [<200–<200]","<200 [<200–<200]","<200 [<200–<200]","<200 [<200–<200]","<200 [<200–<200]","<200 [<200–<200]","<200 [<200–<200]"
"Croatia","<100 [<100–<100]","<100 [<100–<100]","<100 [<100–<100]","<100 [<100–<100]","<100 [<100–<100]","<100 [<100–<100]","<100 [<100–<100]","<100 [<100–<100]","<100 [<100–<100]","<100 [<100–<100]","<100 [<100–<100]","<100 [<100–<100]","<100 [<100–<100]","<100 [<100–<100]","<100 [<100–<100]","<100 [<100–<100]","<100 [<100–<100]","<100 [<100–<100]","<100 [<100–<100]","<100 [<100–<100]","<100 [<100–<100]","<100 [<100–<100]","<100 [<100–<100]"
"Cuba","<500 [<500–600]","<500 [<500–540]","<500 [<200–<500]","<500 [<200–<500]","<500 [<200–<500]","<500 [<500–<500]","<500 [<500–<500]","<500 [<500–<500]","<500 [<500–<500]","<500 [<500–<500]","<500 [<500–<500]","<500 [<200–<500]","<500 [<200–<500]","<500 [<200–<500]","<500 [<200–<500]","<500 [<200–<500]","<200 [<200–<500]","<200 [<200–<500]","<200 [<100–<200]","<200 [<100–<200]","<200 [<100–<200]","<200 [<200–<200]","<200 [<200–<200]"
"Cyprus","No data","<100 [<100–<100]","<100 [<100–<100]","<100 [<100–<100]","<100 [<100–<100]","<100 [<100–<100]","<100 [<100–<100]","<100 [<100–<100]","<100 [<100–<100]","<100 [<100–<100]","<100 [<100–<100]","<100 [<100–<100]","<100 [<100–<100]","<100 [<100–<100]","<100 [<100–<100]","<100 [<100–<100]","<100 [<100–<100]","<100 [<100–<100]","<100 [<100–<100]","<100 [<100–<100]","<100 [<100–<100]","<100 [<100–<100]","<100 [<100–<100]"
"Czechia","<100 [<100–<100]","<100 [<100–<100]","<100 [<100–<100]","<100 [<100–<100]","<100 [<100–<100]","<100 [<100–<100]","<100 [<100–<100]","<100 [<100–<100]","<100 [<100–<100]","<100 [<100–<100]","<100 [<100–<100]","<100 [<100–<100]","<100 [<100–<100]","<100 [<100–<100]","<100 [<100–<100]","<100 [<100–<100]","<100 [<100–<100]","<100 [<100–<100]","<100 [<100–<100]","<100 [<100–<100]","<100 [<100–<100]","<100 [<100–<100]","<100 [<100–<100]"
"Democratic People's Republic of Korea","No data","No data","No data","No data","No data","No data","No data","No data","No data","No data","No data","No data","No data","No data","No data","No data","No data","No data","No data","No data","No data","No data","No data"
"Democratic Republic of the Congo","12 000 [8900–16 000]","14 000 [10 000–19 000]","19 000 [13 000–25 000]","20 000 [14 000–26 000]","20 000 [14 000–26 000]","22 000 [17 000–28 000]","27 000 [20 000–33 000]","32 000 [25 000–38 000]","35 000 [28 000–42 000]","37 000 [29 000–44 000]","40 000 [32 000–47 000]","42 000 [34 000–49 000]","43 000 [35 000–50 000]","46 000 [37 000–53 000]","47 000 [38 000–54 000]","48 000 [39 000–55 000]","49 000 [41 000–57 000]","51 000 [43 000–60 000]","53 000 [44 000–62 000]","54 000 [45 000–62 000]","53 000 [45 000–62 000]","52 000 [44 000–61 000]","51 000 [43 000–60 000]"
"Denmark","<100 [<100–<100]","<100 [<100–<100]","<100 [<100–<100]","<100 [<100–<100]","<100 [<100–<100]","<100 [<100–<100]","<100 [<100–<100]","<100 [<100–<100]","<100 [<100–<100]","<100 [<100–<100]","<100 [<100–<100]","<100 [<100–<100]","<100 [<100–<100]","<100 [<100–<100]","<100 [<100–<100]","<100 [<100–<100]","<100 [<100–<100]","<100 [<100–<100]","<100 [<100–<100]","<100 [<100–<100]","<100 [<100–<100]","<100 [<100–<100]","<100 [<100–<100]"
"Djibouti","No data","No data","No data","No data","No data","No data","No data","No data","No data","No data","No data","No data","No data","No data","No data","No data","No data","No data","No data","No data","No data","No data","No data"
"Dominica","No data","No data","No data","No data","No data","No data","No data","No data","No data","No data","No data","No data","No data","No data","No data","No data","No data","No data","No data","No data","No data","No data","No data"
"Dominican Republic","1500 [1100–2100]","1900 [1300–2600]","2100 [1600–2900]","2300 [1700–3000]","2400 [1800–3200]","2500 [1900–3300]","2500 [1900–3300]","2500 [2000–3300]","2800 [2200–3600]","3000 [2400–3800]","3100 [2500–3900]","3200 [2600–4100]","3300 [2700–4200]","3600 [3000–4600]","4000 [3300–4900]","4600 [3900–5500]","5100 [4400–6200]","5600 [4800–6600]","5800 [5000–6800]","5700 [4900–6700]","5400 [4600–6300]","5100 [4300–5900]","4700 [3900–5500]"
"Ecuador","<500 [<500–560]","<500 [<500–560]","<500 [<500–560]","<500 [<500–620]","540 [<500–740]","650 [<500–870]","770 [570–1000]","940 [710–1200]","1100 [810–1400]","1000 [790–1400]","930 [690–1200]","900 [680–1200]","960 [740–1300]","1100 [830–1400]","1200 [970–1500]","1400 [1100–1700]","1400 [1100–1800]","1400 [1100–1700]","1400 [1100–1700]","1300 [990–1600]","1100 [870–1500]","980 [740–1300]","840 [610–1100]"
"Egypt","520 [<500–660]","<500 [<500–600]","<500 [<500–560]","<500 [<500–510]","<500 [<500–<500]","<500 [<500–<500]","<500 [<500–<500]","<500 [<500–<500]","<500 [<500–<500]","<500 [<500–<500]","<500 [<200–<500]","<200 [<200–<500]","<200 [<200–<500]","<200 [<200–<200]","<200 [<200–<200]","<200 [<100–<200]","<200 [<100–<200]","<200 [<100–<200]","<100 [<100–<200]","<100 [<100–<200]","<100 [<100–<100]","<100 [<100–<100]","<100 [<100–<100]"
"El Salvador","<500 [<500–<500]","<500 [<500–510]","<500 [<500–530]","<500 [<500–610]","540 [<500–660]","<500 [<500–610]","<500 [<500–570]","<500 [<500–550]","<500 [<500–520]","<500 [<500–<500]","<500 [<500–<500]","<500 [<200–<500]","<500 [<500–<500]","<500 [<500–<500]","<500 [<500–<500]","<500 [<500–<500]","<500 [<500–530]","530 [<500–640]","660 [530–790]","730 [590–870]","730 [590–870]","700 [550–830]","630 [<500–750]"
"Equatorial Guinea","2800 [1800–4000]","2700 [1800–3900]","2700 [1900–3900]","2600 [1900–3600]","2500 [1800–3300]","2500 [1800–3300]","2500 [1900–3300]","2300 [1700–3100]","2200 [1600–2900]","2200 [1700–2900]","2300 [1800–3000]","2400 [1900–3000]","2300 [1800–2900]","2100 [1600–2700]","1800 [1400–2400]","1700 [1200–2300]","1600 [1200–2200]","1600 [1100–2100]","1500 [990–2000]","1300 [870–1900]","1200 [750–1700]","1000 [640–1600]","880 [540–1400]"
"Eritrea","<500 [<200–540]","<500 [<200–540]","<500 [<200–580]","<500 [<200–600]","<500 [<200–580]","<500 [<200–600]","<500 [<200–630]","<500 [<200–660]","<500 [<200–740]","<500 [<500–810]","540 [<500–890]","600 [<500–970]","660 [<500–1000]","750 [<500–1200]","870 [510–1300]","1100 [680–1500]","1400 [920–1900]","1600 [1100–2100]","1700 [1200–2200]","1600 [1100–2100]","1600 [1100–2100]","1500 [1000–2000]","1500 [990–2000]"
"Estonia","<100 [<100–<100]","<100 [<100–<100]","<100 [<100–<100]","<100 [<100–<100]","<100 [<100–<100]","<100 [<100–<100]","<100 [<100–<100]","<100 [<100–<100]","<100 [<100–<100]","<100 [<100–<100]","<100 [<100–<100]","<100 [<100–<100]","<100 [<100–<100]","<100 [<100–<100]","<100 [<100–<100]","<100 [<100–<100]","<100 [<100–<100]","<100 [<100–<100]","<100 [<100–<100]","<100 [<100–<100]","<100 [<100–<100]","<100 [<100–<100]","<100 [<100–<100]"
"Eswatini","2700 [2300–3200]","2700 [2300–3200]","3100 [2600–3700]","3100 [2700–3700]","2900 [2500–3500]","3200 [2800–3800]","3900 [3400–4500]","4200 [3700–4800]","4400 [3800–5100]","4500 [3800–5400]","4700 [4000–5800]","5100 [4400–6100]","6000 [5200–7000]","6900 [6000–8000]","7700 [6700–8800]","8300 [7300–9400]","9200 [8200–10 000]","10 000 [9300–12 000]","10 000 [9400–12 000]","10 000 [9000–11 000]","9300 [8300–11 000]","8500 [7500–9800]","7500 [6600–8700]"
"Ethiopia","11 000 [6900–20 000]","12 000 [7400–22 000]","13 000 [8100–24 000]","15 000 [8800–26 000]","15 000 [9200–27 000]","16 000 [9600–28 000]","16 000 [9900–29 000]","17 000 [10 000–30 000]","18 000 [11 000–31 000]","18 000 [11 000–31 000]","19 000 [12 000–34 000]","22 000 [14 000–40 000]","27 000 [16 000–47 000]","32 000 [19 000–57 000]","39 000 [23 000–69 000]","48 000 [29 000–85 000]","58 000 [35 000–100 000]","65 000 [40 000–120 000]","70 000 [42 000–120 000]","72 000 [43 000–130 000]","72 000 [43 000–130 000]","71 000 [43 000–130 000]","69 000 [42 000–120 000]"
"Fiji","<100 [<100–<200]","<100 [<100–<200]","<100 [<100–<200]","<100 [<100–<100]","<100 [<100–<100]","<100 [<100–<100]","<100 [<100–<100]","<100 [<100–<100]","<100 [<100–<100]","<100 [<100–<100]","<100 [<100–<100]","<100 [<100–<100]","<100 [<100–<100]","<100 [<100–<100]","<100 [<100–<100]","<100 [<100–<100]","<100 [<100–<100]","<100 [<100–<100]","<100 [<100–<100]","<100 [<100–<100]","<100 [<100–<100]","<100 [<100–<100]","<100 [<100–<100]"
"Finland","No data","No data","No data","No data","No data","No data","No data","No data","No data","No data","No data","No data","No data","No data","No data","No data","No data","No data","No data","No data","No data","No data","No data"
"France","880 [570–1200]","860 [560–1200]","750 [<500–1100]","700 [<500–1000]","650 [<500–940]","610 [<500–870]","590 [<500–840]","670 [<500–980]","740 [<500–1100]","720 [<500–1100]","690 [<500–1000]","660 [<500–950]","630 [<500–890]","600 [<500–830]","580 [<500–800]","560 [<500–760]","540 [<500–720]","530 [<500–690]","520 [<500–680]","520 [<500–680]","530 [<500–680]","590 [<500–750]","700 [520–880]"
"Gabon","1800 [1200–2700]","2000 [1300–2900]","1900 [1200–2900]","2000 [1300–2900]","2000 [1300–3000]","1900 [1300–2800]","1900 [1200–2700]","1800 [1200–2600]","1800 [1200–2600]","2000 [1400–2900]","2300 [1700–3300]","2500 [1800–3500]","2500 [1800–3500]","2500 [1800–3600]","2500 [1700–3600]","2500 [1600–3500]","2400 [1600–3500]","2500 [1700–3600]","2800 [1900–4000]","2900 [2000–4100]","2700 [1900–3900]","2500 [1700–3700]","2300 [1600–3400]"
"Gambia","1400 [890–1900]","1500 [930–2000]","1400 [930–2000]","1400 [920–1900]","1400 [930–2000]","1400 [930–1900]","1400 [940–2000]","1400 [960–2000]","1400 [950–1900]","1300 [890–1800]","1300 [870–1800]","1300 [940–1800]","1500 [1100–2000]","1500 [1200–2000]","1500 [1100–2000]","1400 [1100–1900]","1300 [1000–1800]","1300 [980–1700]","1200 [940–1600]","1100 [820–1400]","950 [720–1300]","830 [620–1100]","700 [520–970]"
"Georgia","<100 [<100–<100]","<100 [<100–<100]","<100 [<100–<100]","<100 [<100–<100]","<100 [<100–<100]","<100 [<100–<100]","<100 [<100–<100]","<100 [<100–<100]","<100 [<100–<100]","<100 [<100–<100]","<100 [<100–<100]","<100 [<100–<100]","<100 [<100–<100]","<100 [<100–<100]","<100 [<100–<100]","<100 [<100–<100]","<100 [<100–<100]","<100 [<100–<100]","<100 [<100–<100]","<100 [<100–<100]","<100 [<100–<100]","<100 [<100–<100]","<100 [<100–<100]"
"Germany","No data","<500 [<200–<500]","<500 [<200–<500]","<500 [<200–<500]","<500 [<200–<500]","<500 [<200–<500]","<500 [<200–<500]","<500 [<200–<500]","<500 [<200–<500]","<500 [<200–<500]","<500 [<200–<500]","<500 [<200–<500]","<500 [<500–<500]","<500 [<500–<500]","<500 [<500–<500]","<500 [<500–<500]","<500 [<500–<500]","<500 [<500–<500]","<500 [<500–<500]","<500 [<500–<500]","<500 [<500–<500]","<500 [<500–<500]","<500 [<500–<500]"
"Ghana","9400 [6800–13 000]","11 000 [8200–15 000]","14 000 [10 000–18 000]","16 000 [12 000–20 000]","16 000 [13 000–20 000]","17 000 [13 000–21 000]","16 000 [13 000–21 000]","17 000 [13 000–21 000]","17 000 [13 000–21 000]","16 000 [13 000–20 000]","16 000 [13 000–20 000]","18 000 [14 000–22 000]","20 000 [16 000–24 000]","21 000 [17 000–25 000]","22 000 [19 000–26 000]","24 000 [20 000–28 000]","25 000 [21 000–29 000]","25 000 [22 000–30 000]","25 000 [21 000–30 000]","25 000 [21 000–29 000]","24 000 [20 000–28 000]","23 000 [19 000–27 000]","21 000 [18 000–26 000]"
"Greece","<100 [<100–<100]","<100 [<100–<100]","<100 [<100–<100]","<100 [<100–<100]","<100 [<100–<100]","<100 [<100–<100]","<100 [<100–<100]","<100 [<100–<100]","<100 [<100–<100]","<100 [<100–<100]","<100 [<100–<100]","<100 [<100–<100]","<100 [<100–<100]","<100 [<100–<100]","<100 [<100–<100]","<100 [<100–<100]","<100 [<100–<100]","<100 [<100–<100]","<100 [<100–<100]","<100 [<100–<100]","<100 [<100–<100]","<100 [<100–<100]","<100 [<100–<100]"
"Grenada","No data","No data","No data","No data","No data","No data","No data","No data","No data","No data","No data","No data","No data","No data","No data","No data","No data","No data","No data","No data","No data","No data","No data"
"Guatemala","<500 [<500–610]","520 [<500–680]","540 [<500–730]","580 [<500–800]","680 [<500–950]","780 [510–1100]","800 [<500–1200]","740 [<500–1100]","660 [<500–1000]","650 [<500–1000]","710 [<500–1100]","720 [<500–1200]","730 [<500–1200]","740 [520–1200]","930 [680–1500]","1300 [880–2000]","1600 [1100–2500]","1800 [1200–2800]","1700 [1100–2700]","1900 [1300–3100]","2200 [1600–3500]","2100 [1500–3400]","2000 [1400–3300]"
"Guinea","3500 [2800–4700]","3900 [3100–5000]","4300 [3400–5400]","4900 [3900–6100]","5100 [4100–6300]","4900 [4000–6200]","5000 [4000–6200]","4800 [3800–5900]","4500 [3500–5600]","4100 [3200–5300]","4100 [3200–5300]","4100 [3200–5300]","4200 [3300–5500]","4800 [3800–6100]","5500 [4400–7000]","5600 [4600–7200]","5900 [4800–7400]","6300 [5200–7800]","6200 [5100–7800]","5900 [4700–7400]","5600 [4400–7200]","5400 [4100–7100]","5000 [3700–6700]"
"Guinea-Bissau","1200 [990–1500]","1400 [1100–1700]","1400 [1100–1800]","1500 [1200–1900]","1700 [1400–2100]","1700 [1400–2100]","1800 [1400–2200]","1900 [1600–2300]","2000 [1700–2500]","2100 [1800–2500]","2100 [1800–2600]","2300 [2000–2800]","2300 [2000–2800]","2400 [2000–2800]","2400 [2100–2900]","2500 [2200–3000]","2500 [2200–2900]","2400 [2100–2800]","2200 [1900–2600]","1900 [1700–2300]","1700 [1400–2100]","1500 [1200–1800]","1200 [1000–1500]"
"Guyana","<200 [<100–<200]","<200 [<100–<200]","<200 [<100–<200]","<200 [<100–<200]","<200 [<100–<200]","<200 [<100–<200]","<200 [<100–<200]","<200 [<100–<200]","<100 [<100–<200]","<100 [<100–<200]","<100 [<100–<200]","<100 [<100–<200]","<100 [<100–<200]","<100 [<100–<200]","<100 [<100–<200]","<100 [<100–<200]","<200 [<100–<200]","<200 [<200–<200]","<200 [<200–<500]","<500 [<200–<500]","<200 [<200–<500]","<200 [<200–<500]","<200 [<100–<500]"
"Haiti","1600 [1300–2100]","1700 [1400–2200]","2100 [1700–2600]","2700 [2200–3500]","3200 [2600–4100]","4300 [3700–5400]","5200 [4300–6500]","4900 [4200–6200]","5100 [4300–6400]","5400 [4600–6800]","6000 [5100–7400]","6600 [5600–8100]","6400 [5400–8000]","6500 [5400–8100]","7300 [6100–8800]","8000 [6800–9700]","9100 [7800–11 000]","10 000 [8600–12 000]","10 000 [8900–12 000]","11 000 [8900–13 000]","11 000 [8800–13 000]","10 000 [8800–13 000]","10 000 [8600–13 000]"
"Honduras","540 [<500–680]","630 [<500–790]","690 [540–870]","720 [570–900]","760 [600–940]","850 [700–1000]","950 [780–1100]","1000 [850–1200]","1100 [890–1300]","1200 [990–1400]","1300 [1100–1500]","1400 [1200–1600]","1400 [1200–1700]","1500 [1300–1800]","1700 [1400–2000]","1800 [1500–2100]","2000 [1700–2300]","2100 [1800–2600]","2300 [1900–2700]","2500 [2100–3100]","2700 [2300–3400]","2700 [2200–3300]","2500 [2100–3200]"
"Hungary","No data","No data","No data","No data","No data","No data","No data","No data","No data","No data","No data","No data","No data","No data","No data","No data","No data","No data","No data","No data","No data","No data","No data"
"Iceland","<100 [<100–<100]","<100 [<100–<100]","<100 [<100–<100]","<100 [<100–<100]","<100 [<100–<100]","<100 [<100–<100]","<100 [<100–<100]","<100 [<100–<100]","<100 [<100–<100]","<100 [<100–<100]","<100 [<100–<100]","<100 [<100–<100]","<100 [<100–<100]","<100 [<100–<100]","<100 [<100–<100]","<100 [<100–<100]","<100 [<100–<100]","<100 [<100–<100]","<100 [<100–<100]","<100 [<100–<100]","<100 [<100–<100]","<100 [<100–<100]","<100 [<100–<100]"
"India","40 000 [26 000–62 000]","0 [0–0]","0 [0–0]","0 [0–0]","0 [0–0]","0 [0–0]","0 [0–0]","0 [0–0]","0 [0–0]","0 [0–0]","0 [0–0]","0 [0–0]","0 [0–0]","0 [0–0]","0 [0–0]","0 [0–0]","0 [0–0]","0 [0–0]","0 [0–0]","0 [0–0]","0 [0–0]","0 [0–0]","0 [0–0]"
"Indonesia","26 000 [22 000–29 000]","27 000 [24 000–31 000]","27 000 [24 000–30 000]","27 000 [24 000–31 000]","28 000 [24 000–31 000]","27 000 [24 000–31 000]","27 000 [24 000–30 000]","26 000 [23 000–29 000]","25 000 [22 000–28 000]","23 000 [21 000–26 000]","21 000 [19 000–24 000]","19 000 [17 000–21 000]","16 000 [14 000–18 000]","14 000 [13 000–16 000]","12 000 [11 000–14 000]","10 000 [9000–11 000]","8600 [7700–9600]","7000 [6300–7900]","5300 [4700–6000]","3800 [3400–4300]","2700 [2400–3000]","1800 [1600–2000]","1200 [1100–1400]"
"Iran (Islamic Republic of)","2300 [1600–3600]","2400 [1600–3700]","2300 [1500–3500]","2300 [1600–3500]","2500 [1700–3700]","2700 [1800–3900]","3000 [2000–4200]","3100 [2200–4300]","3200 [2300–4400]","3300 [2400–4500]","3300 [2400–4500]","3200 [2300–4400]","3000 [2200–4200]","2800 [1900–4000]","2500 [1700–3700]","2200 [1500–3400]","1900 [1200–3100]","1600 [930–2700]","1300 [710–2400]","990 [520–2000]","770 [<500–1700]","590 [<500–1300]","<500 [<200–1100]"
"Iraq","<200 [<100–<200]","<200 [<100–<200]","<100 [<100–<200]","<100 [<100–<200]","<100 [<100–<200]","<100 [<100–<200]","<100 [<100–<200]","<100 [<100–<200]","<100 [<100–<200]","<100 [<100–<200]","<100 [<100–<100]","<100 [<100–<100]","<100 [<100–<100]","<100 [<100–<100]","<100 [<100–<100]","<100 [<100–<100]","<100 [<100–<100]","<100 [<100–<100]","<100 [<100–<100]","<100 [<100–<100]","<100 [<100–<100]","<100 [<100–<100]","<100 [<100–<100]"
"Ireland","No data","<100 [<100–<100]","<100 [<100–<100]","<100 [<100–<100]","<100 [<100–<100]","<100 [<100–<100]","<100 [<100–<100]","<100 [<100–<100]","<100 [<100–<100]","<100 [<100–<100]","<100 [<100–<100]","<100 [<100–<100]","<100 [<100–<100]","<100 [<100–<100]","<100 [<100–<100]","<100 [<100–<100]","<100 [<100–<100]","<100 [<100–<100]","<100 [<100–<100]","<100 [<100–<100]","<100 [<100–<100]","<100 [<100–<100]","<100 [<100–<100]"
"Israel","No data","No data","No data","No data","No data","No data","No data","No data","No data","No data","No data","No data","No data","No data","No data","No data","No data","No data","No data","No data","No data","No data","No data"
"Italy","550 [<500–690]","550 [<500–690]","550 [<500–700]","570 [<500–720]","580 [<500–740]","590 [<500–750]","580 [<500–740]","580 [<500–740]","610 [<500–770]","650 [<500–820]","660 [<500–830]","670 [500–840]","700 [530–880]","730 [560–910]","770 [580–970]","800 [610–1000]","850 [650–1000]","900 [680–1100]","940 [710–1200]","1000 [750–1200]","1100 [810–1300]","1200 [930–1500]","1300 [1000–1700]"
"Jamaica","1100 [820–1300]","1100 [800–1300]","870 [660–1100]","840 [670–990]","940 [710–1100]","930 [700–1100]","960 [720–1200]","970 [720–1200]","970 [740–1200]","1000 [790–1200]","1100 [840–1300]","1100 [840–1300]","1000 [810–1300]","1200 [940–1400]","1300 [1100–1500]","1500 [1300–1700]","1600 [1400–1800]","1800 [1700–2100]","2100 [1900–2300]","2100 [1900–2300]","2000 [1900–2300]","2000 [1800–2300]","1900 [1800–2200]"
"Japan","No data","No data","No data","No data","No data","No data","No data","No data","No data","No data","No data","No data","No data","No data","No data","No data","No data","No data","No data","No data","No data","No data","No data"
"Jordan","<100 [<100–<100]","<100 [<100–<100]","<100 [<100–<100]","<100 [<100–<100]","<100 [<100–<100]","<100 [<100–<100]","<100 [<100–<100]","<100 [<100–<100]","<100 [<100–<100]","<100 [<100–<100]","<100 [<100–<100]","<100 [<100–<100]","<100 [<100–<100]","<100 [<100–<100]","<100 [<100–<100]","<100 [<100–<100]","<100 [<100–<100]","<100 [<100–<100]","<100 [<100–<100]","<100 [<100–<100]","<100 [<100–<100]","<100 [<100–<100]","<100 [<100–<100]"
"Kazakhstan","No data","No data","No data","No data","No data","No data","No data","No data","No data","No data","No data","No data","No data","No data","No data","No data","No data","No data","No data","No data","No data","No data","No data"
"Kenya","18 000 [15 000–27 000]","21 000 [17 000–32 000]","21 000 [16 000–30 000]","20 000 [15 000–29 000]","20 000 [16 000–30 000]","24 000 [19 000–35 000]","27 000 [21 000–39 000]","32 000 [25 000–47 000]","36 000 [28 000–52 000]","38 000 [30 000–55 000]","40 000 [32 000–60 000]","45 000 [35 000–66 000]","51 000 [40 000–76 000]","61 000 [48 000–90 000]","73 000 [58 000–110 000]","85 000 [67 000–130 000]","100 000 [78 000–150 000]","110 000 [90 000–170 000]","120 000 [98 000–180 000]","130 000 [100 000–190 000]","130 000 [100 000–190 000]","120 000 [98 000–180 000]","120 000 [94 000–180 000]"
"Kiribati","No data","No data","No data","No data","No data","No data","No data","No data","No data","No data","No data","No data","No data","No data","No data","No data","No data","No data","No data","No data","No data","No data","No data"
"Kuwait","<100 [<100–<100]","<100 [<100–<100]","<100 [<100–<100]","<100 [<100–<100]","<100 [<100–<100]","<100 [<100–<100]","<100 [<100–<100]","<100 [<100–<100]","<100 [<100–<100]","<100 [<100–<100]","<100 [<100–<100]","<100 [<100–<100]","<100 [<100–<100]","<100 [<100–<100]","<100 [<100–<100]","<100 [<100–<100]","<100 [<100–<100]","<100 [<100–<100]","<100 [<100–<100]","<100 [<100–<100]","<100 [<100–<100]","<100 [<100–<100]","<100 [<100–<100]"
"Kyrgyzstan","<200 [<200–<200]","<200 [<200–<500]","<200 [<200–<500]","<200 [<200–<500]","<200 [<200–<200]","<200 [<200–<200]","<200 [<200–<200]","<200 [<200–<200]","<200 [<200–<200]","<200 [<200–<200]","<200 [<200–<200]","<200 [<200–<200]","<200 [<200–<200]","<200 [<100–<200]","<100 [<100–<200]","<100 [<100–<100]","<100 [<100–<100]","<100 [<100–<100]","<100 [<100–<100]","<100 [<100–<100]","<100 [<100–<100]","<100 [<100–<100]","<100 [<100–<100]"
"Lao People's Democratic Republic","<500 [<500–<500]","<500 [<500–<500]","<500 [<500–<500]","<500 [<500–<500]","<500 [<500–<500]","<500 [<500–<500]","<500 [<500–<500]","<500 [<500–<500]","<500 [<500–<500]","<500 [<500–<500]","<500 [<500–<500]","<500 [<500–<500]","<500 [<200–<500]","<500 [<200–<500]","<500 [<200–<500]","<500 [<200–<500]","<200 [<200–<500]","<200 [<200–<500]","<200 [<200–<200]","<200 [<200–<200]","<200 [<200–<200]","<100 [<100–<200]","<100 [<100–<100]"
"Latvia","<200 [<200–<200]","<100 [<100–<200]","<100 [<100–<100]","<100 [<100–<100]","<100 [<100–<100]","<100 [<100–<100]","<200 [<200–<200]","<500 [<500–<500]","<500 [<200–<500]","<500 [<200–<500]","<500 [<200–<500]","<500 [<200–<500]","<500 [<200–<500]","<500 [<200–<500]","<200 [<200–<500]","<200 [<200–<500]","<500 [<200–<500]","<500 [<200–<500]","<200 [<200–<500]","<200 [<200–<200]","<200 [<200–<200]","<200 [<200–<200]","<200 [<100–<200]"
"Lebanon","<100 [<100–<100]","<100 [<100–<100]","<100 [<100–<100]","<100 [<100–<100]","<100 [<100–<100]","<100 [<100–<200]","<100 [<100–<200]","<100 [<100–<200]","<100 [<100–<100]","<100 [<100–<100]","<100 [<100–<100]","<100 [<100–<100]","<100 [<100–<100]","<100 [<100–<100]","<100 [<100–<100]","<100 [<100–<100]","<100 [<100–<100]","<100 [<100–<100]","<100 [<100–<100]","<100 [<100–<100]","<100 [<100–<100]","<100 [<100–<100]","<100 [<100–<100]"
"Lesotho","4000 [3300–5000]","4300 [3600–5300]","4700 [3900–5900]","5000 [4100–6300]","5200 [4300–6600]","5800 [4900–7500]","6500 [5400–8600]","7200 [5800–10 000]","7400 [5900–10 000]","7400 [5900–10 000]","7300 [5800–10 000]","7100 [5700–9800]","7600 [6300–10 000]","8800 [7400–11 000]","11 000 [9100–13 000]","13 000 [12 000–16 000]","16 000 [15 000–20 000]","18 000 [16 000–21 000]","18 000 [16 000–21 000]","17 000 [15 000–20 000]","16 000 [14 000–19 000]","14 000 [13 000–17 000]","13 000 [11 000–15 000]"
"Liberia","920 [710–1400]","1100 [810–1600]","1300 [1000–1800]","1400 [1100–2000]","1600 [1300–2200]","2000 [1700–2600]","2300 [2000–3000]","2500 [2200–3100]","2500 [2200–3100]","2600 [2300–3200]","2600 [2200–3200]","2600 [2200–3200]","2800 [2400–3400]","3000 [2600–3700]","3200 [2700–3800]","3200 [2700–3900]","3300 [2800–4000]","3300 [2800–4100]","3200 [2700–4100]","3300 [2700–4300]","3200 [2500–4300]","3000 [2400–4200]","2800 [2200–4100]"
"Libya","<100 [<100–<200]","<100 [<100–<200]","<100 [<100–<200]","<100 [<100–<200]","<100 [<100–<200]","<100 [<100–<200]","<100 [<100–<100]","<100 [<100–<100]","<100 [<100–<200]","<100 [<100–<100]","<100 [<100–<100]","<100 [<100–<100]","<100 [<100–<100]","<100 [<100–<100]","<100 [<100–<100]","<100 [<100–<100]","<100 [<100–<100]","<100 [<100–<100]","<100 [<100–<100]","<100 [<100–<100]","<100 [<100–<100]","<100 [<100–<100]","<100 [<100–<100]"
"Lithuania","<100 [<100–<100]","<100 [<100–<100]","<100 [<100–<100]","<100 [<100–<100]","<100 [<100–<100]","<100 [<100–<100]","<100 [<100–<100]","<100 [<100–<200]","<100 [<100–<200]","<100 [<100–<200]","<200 [<100–<200]","<200 [<100–<200]","<200 [<100–<200]","<200 [<100–<200]","<100 [<100–<200]","<100 [<100–<200]","<100 [<100–<200]","<100 [<100–<200]","<100 [<100–<100]","<100 [<100–<100]","<100 [<100–<100]","<100 [<100–<100]","<100 [<100–<100]"
"Luxembourg","<100 [<100–<100]","<100 [<100–<100]","<100 [<100–<100]","<100 [<100–<100]","<100 [<100–<100]","<100 [<100–<100]","<100 [<100–<100]","<100 [<100–<100]","<100 [<100–<100]","<100 [<100–<100]","<100 [<100–<100]","<100 [<100–<100]","<100 [<100–<100]","<100 [<100–<100]","<100 [<100–<100]","<100 [<100–<100]","<100 [<100–<100]","<100 [<100–<100]","<100 [<100–<100]","<100 [<100–<100]","<100 [<100–<100]","<100 [<100–<100]","<100 [<100–<100]"
"Madagascar","3200 [2700–4000]","3200 [2700–3800]","3000 [2500–3600]","2700 [2300–3200]","2600 [2200–3000]","2300 [2000–2700]","2100 [1800–2500]","1800 [1500–2200]","1600 [1400–2000]","1400 [1200–1700]","1200 [960–1500]","1000 [790–1300]","860 [660–1200]","710 [530–1000]","580 [<500–840]","<500 [<500–730]","<500 [<500–630]","<500 [<500–540]","<500 [<200–<500]","<200 [<200–<500]","<200 [<100–<500]","<200 [<100–<500]","<100 [<100–<500]"
"Malawi","12 000 [10 000–15 000]","12 000 [11 000–16 000]","13 000 [11 000–16 000]","14 000 [12 000–17 000]","16 000 [14 000–19 000]","17 000 [15 000–21 000]","18 000 [16 000–23 000]","19 000 [16 000–24 000]","21 000 [18 000–26 000]","24 000 [20 000–29 000]","28 000 [24 000–34 000]","31 000 [27 000–38 000]","36 000 [31 000–42 000]","41 000 [36 000–48 000]","49 000 [44 000–56 000]","58 000 [53 000–66 000]","66 000 [61 000–74 000]","72 000 [66 000–80 000]","76 000 [70 000–85 000]","77 000 [71 000–86 000]","76 000 [70 000–85 000]","73 000 [67 000–83 000]","70 000 [64 000–80 000]"
"Malaysia","2500 [2000–3200]","2400 [1900–3000]","2400 [1900–2900]","2500 [2000–3000]","2500 [2000–3000]","2500 [2100–2900]","2900 [2500–3400]","3500 [3000–4000]","3800 [3200–4400]","4000 [3400–4600]","3900 [3200–4500]","3700 [3100–4300]","3600 [3000–4200]","3500 [2800–4100]","3400 [2800–4000]","3400 [2700–4000]","3300 [2700–3900]","3300 [2700–3900]","3300 [2700–3900]","3400 [2800–4000]","3500 [2900–4100]","3600 [3000–4200]","3500 [2900–4100]"
"Maldives","<100 [<100–<100]","<100 [<100–<100]","<100 [<100–<100]","<100 [<100–<100]","<100 [<100–<100]","<100 [<100–<100]","<100 [<100–<100]","<100 [<100–<100]","<100 [<100–<100]","<100 [<100–<100]","<100 [<100–<100]","<100 [<100–<100]","<100 [<100–<100]","<100 [<100–<100]","<100 [<100–<100]","<100 [<100–<100]","<100 [<100–<100]","<100 [<100–<100]","<100 [<100–<100]","<100 [<100–<100]","<100 [<100–<100]","<100 [<100–<100]","<100 [<100–<100]"
"Mali","4900 [3200–6800]","5000 [3400–6800]","5400 [3800–7200]","5500 [3800–7300]","5500 [3800–7200]","5600 [4000–7300]","5700 [4200–7500]","6000 [4500–7700]","6200 [4600–7900]","5900 [4400–7600]","5500 [4000–7100]","5500 [4100–7000]","5800 [4400–7300]","6000 [4600–7500]","6300 [5000–7900]","6800 [5400–8500]","7900 [6300–9600]","8200 [6600–10 000]","8300 [6500–10 000]","8500 [6700–10 000]","8300 [6400–10 000]","8000 [6100–10 000]","7600 [5600–10 000]"
"Malta","<100 [<100–<100]","<100 [<100–<100]","<100 [<100–<100]","<100 [<100–<100]","<100 [<100–<100]","<100 [<100–<100]","<100 [<100–<100]","<100 [<100–<100]","<100 [<100–<100]","<100 [<100–<100]","<100 [<100–<100]","<100 [<100–<100]","<100 [<100–<100]","<100 [<100–<100]","<100 [<100–<100]","<100 [<100–<100]","<100 [<100–<100]","<100 [<100–<100]","<100 [<100–<100]","<100 [<100–<100]","<100 [<100–<100]","<100 [<100–<100]","<100 [<100–<100]"
"Marshall Islands","No data","No data","No data","No data","No data","No data","No data","No data","No data","No data","No data","No data","No data","No data","No data","No data","No data","No data","No data","No data","No data","No data","No data"
"Mauritania","<500 [<500–540]","<500 [<500–560]","<500 [<500–570]","<500 [<500–590]","<500 [<500–600]","<500 [<500–620]","510 [<500–630]","520 [<500–650]","540 [<500–650]","570 [<500–690]","590 [<500–700]","570 [<500–680]","550 [<500–670]","560 [<500–670]","570 [<500–680]","600 [<500–710]","630 [530–760]","660 [570–800]","660 [550–800]","630 [510–760]","580 [<500–710]","520 [<500–650]","<500 [<500–600]"
"Mauritius","No data","No data","No data","No data","No data","No data","No data","No data","No data","No data","No data","No data","No data","No data","No data","No data","No data","No data","No data","No data","No data","No data","No data"
"Mexico","4600 [3700–5600]","4500 [3600–5300]","5000 [4000–5900]","5300 [4300–6300]","5600 [4500–6600]","5700 [4600–6800]","5300 [4200–6300]","5800 [4600–6900]","6300 [5000–7400]","5900 [4800–7000]","6000 [4800–7100]","6200 [5100–7300]","6000 [4900–7000]","5800 [4700–6700]","5600 [4700–6500]","5600 [4700–6500]","5900 [4900–6700]","5900 [5100–6800]","5600 [4800–6400]","5600 [4800–6300]","5900 [5100–6600]","6000 [5200–6700]","6000 [5400–6800]"
"Micronesia (Federated States of)","No data","No data","No data","No data","No data","No data","No data","No data","No data","No data","No data","No data","No data","No data","No data","No data","No data","No data","No data","No data","No data","No data","No data"
"Monaco","No data","No data","No data","No data","No data","No data","No data","No data","No data","No data","No data","No data","No data","No data","No data","No data","No data","No data","No data","No data","No data","No data","No data"
"Mongolia","<100 [<100–<100]","<100 [<100–<100]","<100 [<100–<100]","<100 [<100–<100]","<100 [<100–<100]","<100 [<100–<100]","<100 [<100–<100]","<100 [<100–<100]","<100 [<100–<100]","<100 [<100–<100]","<100 [<100–<100]","<100 [<100–<100]","<100 [<100–<100]","<100 [<100–<100]","<100 [<100–<100]","<100 [<100–<100]","<100 [<100–<100]","<100 [<100–<100]","<100 [<100–<100]","<100 [<100–<100]","<100 [<100–<100]","<100 [<100–<100]","<100 [<100–<100]"
"Montenegro","<100 [<100–<100]","<100 [<100–<100]","<100 [<100–<100]","<100 [<100–<100]","<100 [<100–<100]","<100 [<100–<100]","<100 [<100–<100]","<100 [<100–<100]","<100 [<100–<100]","<100 [<100–<100]","<100 [<100–<100]","<100 [<100–<100]","<100 [<100–<100]","<100 [<100–<100]","<100 [<100–<100]","<100 [<100–<100]","<100 [<100–<100]","<100 [<100–<100]","<100 [<100–<100]","<100 [<100–<100]","<100 [<100–<100]","<100 [<100–<100]","<100 [<100–<100]"
"Morocco","<500 [<500–<500]","<500 [<500–560]","<500 [<500–620]","500 [<500–660]","570 [<500–740]","600 [<500–770]","630 [<500–800]","680 [530–860]","710 [570–900]","750 [600–940]","830 [680–1000]","890 [730–1100]","890 [730–1100]","870 [710–1100]","870 [720–1100]","860 [700–1100]","820 [660–1000]","760 [610–990]","730 [590–950]","780 [630–1000]","800 [650–1000]","730 [570–970]","660 [510–900]"
"Mozambique","48 000 [42 000–55 000]","50 000 [44 000–58 000]","50 000 [42 000–59 000]","49 000 [42 000–59 000]","47 000 [40 000–57 000]","48 000 [42 000–57 000]","51 000 [45 000–60 000]","56 000 [50 000–67 000]","65 000 [58 000–76 000]","75 000 [66 000–87 000]","77 000 [68 000–90 000]","75 000 [66 000–88 000]","76 000 [67 000–88 000]","74 000 [66 000–86 000]","75 000 [67 000–87 000]","80 000 [72 000–93 000]","86 000 [77 000–99 000]","84 000 [76 000–97 000]","79 000 [71 000–91 000]","73 000 [66 000–84 000]","66 000 [59 000–77 000]","59 000 [52 000–69 000]","51 000 [45 000–60 000]"
"Myanmar","6400 [4000–9600]","5900 [3800–8800]","6700 [4100–9700]","7100 [4700–10 000]","7400 [5200–9900]","7700 [5700–10 000]","8300 [6600–10 000]","9100 [7400–11 000]","9800 [8200–11 000]","10 000 [8900–12 000]","11 000 [9700–13 000]","12 000 [10 000–13 000]","12 000 [11 000–14 000]","12 000 [11 000–14 000]","12 000 [11 000–14 000]","12 000 [11 000–14 000]","12 000 [11 000–14 000]","12 000 [10 000–13 000]","11 000 [9600–12 000]","9900 [8700–11 000]","8800 [7700–10 000]","7700 [6700–8800]","6600 [5700–7600]"
"Namibia","3100 [2500–3700]","3000 [2500–3700]","3100 [2600–3800]","3600 [3000–4300]","3700 [3100–4400]","3700 [3200–4700]","3500 [3000–4300]","3400 [2900–4300]","3100 [2700–3800]","3400 [3000–4200]","3700 [3300–4500]","3800 [3400–4600]","4000 [3500–4900]","4400 [3800–5400]","5200 [4600–6300]","6800 [6100–8100]","8900 [8000–10 000]","11 000 [9700–12 000]","12 000 [11 000–14 000]","12 000 [11 000–14 000]","11 000 [10 000–13 000]","10 000 [9100–12 000]","9000 [8100–10 000]"
"Nauru","No data","No data","No data","No data","No data","No data","No data","No data","No data","No data","No data","No data","No data","No data","No data","No data","No data","No data","No data","No data","No data","No data","No data"
"Nepal","<500 [<500–<500]","<500 [<500–560]","570 [<500–730]","730 [560–930]","880 [690–1100]","1000 [850–1300]","1200 [940–1400]","1200 [1000–1500]","1400 [1100–1600]","1500 [1200–1800]","1500 [1300–1800]","1600 [1300–1900]","1700 [1400–2000]","1800 [1500–2100]","1900 [1600–2200]","2000 [1700–2300]","1900 [1700–2200]","1800 [1600–2000]","1600 [1400–1800]","1300 [1100–1500]","1000 [900–1200]","790 [680–920]","570 [<500–660]"
"Netherlands (Kingdom of the)","No data","<100 [<100–<200]","<100 [<100–<100]","<100 [<100–<100]","<100 [<100–<100]","<100 [<100–<100]","<100 [<100–<100]","<100 [<100–<100]","<100 [<100–<100]","<100 [<100–<100]","<100 [<100–<100]","<100 [<100–<200]","<100 [<100–<200]","<100 [<100–<200]","<200 [<100–<200]","<200 [<100–<200]","<100 [<100–<200]","<100 [<100–<200]","<100 [<100–<100]","<100 [<100–<100]","<100 [<100–<100]","<100 [<100–<100]","<100 [<100–<100]"
"New Zealand","<100 [<100–<100]","<100 [<100–<100]","<100 [<100–<100]","<100 [<100–<100]","<100 [<100–<100]","<100 [<100–<100]","<100 [<100–<100]","<100 [<100–<100]","<100 [<100–<100]","<100 [<100–<100]","<100 [<100–<100]","<100 [<100–<100]","<100 [<100–<100]","<100 [<100–<100]","<100 [<100–<100]","<100 [<100–<100]","<100 [<100–<100]","<100 [<100–<100]","<100 [<100–<100]","<100 [<100–<100]","<100 [<100–<100]","<100 [<100–<100]","<100 [<100–<100]"
"Nicaragua","<500 [<200–<500]","<500 [<200–<500]","<500 [<200–<500]","<500 [<200–<500]","<500 [<200–<500]","<500 [<200–<500]","<500 [<200–<500]","<500 [<200–<500]","<500 [<200–<500]","<500 [<200–<500]","<500 [<200–<500]","<500 [<200–<500]","<500 [<500–<500]","<500 [<200–<500]","<500 [<500–<500]","<500 [<500–<500]","<500 [<500–<500]","<500 [<500–<500]","<500 [<500–<500]","<500 [<500–<500]","<500 [<200–<500]","<500 [<200–<500]","<200 [<200–<500]"
"Niger","1100 [970–1300]","1200 [1100–1500]","1300 [1100–1500]","1300 [1100–1500]","1400 [1200–1700]","1600 [1400–1900]","1800 [1500–2100]","2000 [1700–2400]","1900 [1600–2300]","1900 [1600–2300]","2100 [1700–2600]","2300 [1900–2800]","2500 [2100–3100]","3200 [2700–3800]","3900 [3300–4500]","4000 [3500–4700]","4300 [3700–5100]","4500 [4000–5400]","4600 [4100–5400]","4500 [4000–5400]","4400 [3800–5200]","4100 [3600–5000]","3800 [3300–4600]"
"Nigeria","No data","No data","No data","No data","No data","No data","No data","No data","No data","No data","No data","No data","No data","No data","No data","No data","No data","No data","No data","No data","No data","No data","No data"
"Niue","No data","No data","No data","No data","No data","No data","No data","No data","No data","No data","No data","No data","No data","No data","No data","No data","No data","No data","No data","No data","No data","No data","No data"
"North Macedonia","<100 [<100–<100]","<100 [<100–<100]","<100 [<100–<100]","<100 [<100–<100]","<100 [<100–<100]","<100 [<100–<100]","<100 [<100–<100]","<100 [<100–<100]","<100 [<100–<100]","<100 [<100–<100]","<100 [<100–<100]","<100 [<100–<100]","<100 [<100–<100]","<100 [<100–<100]","<100 [<100–<100]","<100 [<100–<100]","<100 [<100–<100]","<100 [<100–<100]","<100 [<100–<100]","<100 [<100–<100]","<100 [<100–<100]","<100 [<100–<100]","<100 [<100–<100]"
"Norway","No data","No data","No data","No data","No data","No data","No data","No data","No data","No data","No data","No data","No data","No data","No data","No data","No data","No data","No data","No data","No data","No data","No data"
"Oman","<100 [<100–<100]","<100 [<100–<100]","<100 [<100–<100]","<100 [<100–<100]","<100 [<100–<100]","<100 [<100–<100]","<100 [<100–<100]","<100 [<100–<100]","<100 [<100–<100]","<100 [<100–<100]","<100 [<100–<100]","<100 [<100–<100]","<100 [<100–<100]","<100 [<100–<100]","<100 [<100–<100]","<100 [<100–<100]","<100 [<100–<100]","<100 [<100–<100]","<100 [<100–<100]","<100 [<100–<100]","<100 [<100–<100]","<100 [<100–<100]","<100 [<100–<100]"
"Pakistan","12 000 [10 000–13 000]","11 000 [9700–12 000]","9600 [8300–11 000]","8600 [7300–9800]","8000 [6900–9100]","7400 [6400–8400]","6700 [5800–7700]","5900 [5000–6800]","5100 [4300–5900]","4300 [3600–5000]","3500 [2900–4100]","2700 [2200–3300]","2000 [1600–2400]","1400 [1200–1700]","990 [780–1200]","650 [520–790]","<500 [<500–<500]","<200 [<200–<500]","<100 [<100–<100]","<100 [<100–<100]","<100 [<100–<100]","<100 [<100–<100]","<100 [<100–<100]"
"Palau","No data","No data","No data","No data","No data","No data","No data","No data","No data","No data","No data","No data","No data","No data","No data","No data","No data","No data","No data","No data","No data","No data","No data"
"Panama","570 [<500–670]","660 [520–780]","570 [<500–670]","<500 [<500–590]","<500 [<500–530]","<500 [<500–530]","500 [<500–590]","530 [<500–610]","520 [<500–600]","540 [<500–630]","540 [<500–620]","530 [<500–620]","<500 [<500–580]","560 [<500–640]","620 [520–720]","600 [500–690]","590 [<500–670]","580 [<500–660]","560 [<500–640]","530 [<500–610]","510 [<500–590]","<500 [<500–580]","<500 [<500–520]"
"Papua New Guinea","1100 [930–1300]","1100 [920–1400]","1000 [890–1300]","990 [840–1200]","960 [830–1200]","920 [790–1200]","880 [760–1100]","860 [740–1100]","940 [800–1200]","1100 [920–1400]","1200 [990–1500]","1200 [980–1500]","1100 [910–1400]","1000 [850–1300]","1100 [880–1300]","1200 [1000–1500]","1400 [1200–1700]","1400 [1200–1700]","1300 [1100–1500]","1100 [900–1300]","890 [730–1100]","730 [590–950]","580 [<500–770]"
"Paraguay","<500 [<500–<500]","<500 [<500–<500]","<500 [<500–<500]","<500 [<500–<500]","<500 [<500–<500]","<500 [<500–<500]","<500 [<500–<500]","<500 [<500–<500]","<500 [<500–<500]","<500 [<500–<500]","<500 [<200–<500]","<200 [<200–<500]","<200 [<200–<200]","<200 [<200–<200]","<200 [<200–<500]","<500 [<200–<500]","<500 [<500–<500]","<500 [<500–<500]","<500 [<500–<500]","<500 [<500–<500]","<500 [<500–<500]","<200 [<200–<500]","<200 [<200–<200]"
"Peru","970 [690–1400]","980 [710–1300]","980 [720–1300]","1100 [810–1400]","1200 [930–1600]","1400 [1100–1900]","1800 [1200–2400]","1900 [1300–2600]","2000 [1300–2700]","1900 [1300–2700]","2000 [1400–2700]","2100 [1600–2900]","2600 [2000–3300]","3500 [2700–4400]","4100 [3300–5200]","4600 [3800–5700]","5300 [4400–6500]","6000 [5100–7300]","6200 [5300–7400]","6300 [5300–7500]","6600 [5600–7900]","6700 [5700–8100]","6600 [5600–8000]"
"Philippines","1500 [1000–2000]","1200 [790–1600]","920 [640–1300]","800 [560–1100]","700 [<500–920]","610 [<500–790]","510 [<500–640]","<500 [<500–550]","<500 [<500–510]","<500 [<500–<500]","<500 [<200–<500]","<500 [<200–<500]","<500 [<200–<500]","<200 [<200–<500]","<200 [<200–<200]","<200 [<200–<200]","<200 [<100–<200]","<100 [<100–<200]","<100 [<100–<100]","<100 [<100–<100]","<100 [<100–<100]","<100 [<100–<100]","<100 [<100–<100]"
"Poland","No data","<200 [<200–<200]","<200 [<200–<200]","<200 [<200–<200]","<200 [<200–<200]","<200 [<200–<200]","<200 [<200–<200]","<200 [<200–<200]","<200 [<200–<200]","<200 [<200–<200]","<200 [<200–<500]","<200 [<200–<500]","<200 [<200–<500]","<200 [<200–<200]","<200 [<200–<200]","<200 [<200–<200]","<200 [<200–<200]","<200 [<200–<200]","<200 [<200–<200]","<200 [<200–<200]","<200 [<200–<200]","<200 [<200–<200]","<200 [<100–<200]"
"Portugal","<500 [<200–<500]","<500 [<200–<500]","<500 [<200–<500]","<500 [<200–<500]","<500 [<200–<500]","<500 [<500–<500]","<500 [<500–<500]","<500 [<500–<500]","<500 [<500–520]","<500 [<500–590]","570 [<500–680]","670 [520–810]","790 [610–960]","860 [660–1000]","880 [680–1100]","910 [700–1100]","930 [710–1100]","950 [730–1100]","970 [750–1200]","1000 [780–1200]","1000 [810–1200]","1100 [840–1300]","1100 [890–1400]"
"Qatar","<100 [<100–<100]","<100 [<100–<100]","<100 [<100–<100]","<100 [<100–<100]","<100 [<100–<100]","<100 [<100–<100]","<100 [<100–<100]","<100 [<100–<100]","<100 [<100–<100]","<100 [<100–<100]","<100 [<100–<100]","<100 [<100–<100]","<100 [<100–<100]","<100 [<100–<100]","<100 [<100–<100]","<100 [<100–<100]","<100 [<100–<100]","<100 [<100–<100]","<100 [<100–<100]","<100 [<100–<100]","<100 [<100–<100]","<100 [<100–<100]","<100 [<100–<100]"
"Republic of Korea","No data","No data","No data","No data","No data","No data","No data","No data","No data","No data","No data","No data","No data","No data","No data","No data","No data","No data","No data","No data","No data","No data","No data"
"Republic of Moldova","<500 [<500–860]","510 [<500–920]","<500 [<500–870]","<500 [<500–840]","500 [<500–920]","540 [<500–990]","570 [<500–1000]","600 [<500–1100]","630 [<500–1200]","650 [<500–1200]","660 [<500–1200]","670 [<500–1200]","670 [<500–1200]","650 [<500–1200]","650 [<500–1200]","650 [<500–1200]","640 [<500–1200]","610 [<500–1100]","560 [<500–1000]","510 [<500–930]","<500 [<500–800]","<500 [<500–670]","<500 [<200–540]"
"Romania","<200 [<200–<500]","<200 [<200–<500]","<200 [<200–<200]","<200 [<200–<200]","<200 [<200–<200]","<200 [<200–<200]","<200 [<200–<200]","<200 [<200–<500]","<500 [<500–<500]","<500 [<200–<500]","<500 [<200–<500]","<200 [<200–<500]","<200 [<200–<500]","<200 [<200–<500]","<200 [<200–<500]","<200 [<100–<200]","<200 [<200–<200]","<200 [<200–<200]","<200 [<200–<500]","<500 [<200–<500]","<500 [<500–<500]","<500 [<500–<500]","<500 [<500–<500]"
"Russian Federation","No data","No data","No data","No data","No data","No data","No data","No data","No data","No data","No data","No data","No data","No data","No data","No data","No data","No data","No data","No data","No data","No data","No data"
"Rwanda","2700 [2300–3300]","2700 [2300–3600]","2900 [2400–3800]","3100 [2700–4100]","3200 [2800–4200]","3500 [3100–4400]","3900 [3300–4900]","4200 [3500–5400]","4500 [3600–5900]","4900 [3900–6400]","5500 [4200–7200]","6100 [4600–7800]","7000 [5400–8800]","7800 [6200–9600]","8900 [7200–11 000]","10 000 [8600–12 000]","12 000 [10 000–14 000]","15 000 [13 000–18 000]","18 000 [16 000–21 000]","19 000 [16 000–22 000]","18 000 [15 000–21 000]","17 000 [15 000–21 000]","17 000 [14 000–20 000]"
"Saint Kitts and Nevis","No data","No data","No data","No data","No data","No data","No data","No data","No data","No data","No data","No data","No data","No data","No data","No data","No data","No data","No data","No data","No data","No data","No data"
"Saint Lucia","No data","No data","No data","No data","No data","No data","No data","No data","No data","No data","No data","No data","No data","No data","No data","No data","No data","No data","No data","No data","No data","No data","No data"
"Saint Vincent and the Grenadines","No data","No data","No data","No data","No data","No data","No data","No data","No data","No data","No data","No data","No data","No data","No data","No data","No data","No data","No data","No data","No data","No data","No data"
"Samoa","No data","No data","No data","No data","No data","No data","No data","No data","No data","No data","No data","No data","No data","No data","No data","No data","No data","No data","No data","No data","No data","No data","No data"
"San Marino","No data","No data","No data","No data","No data","No data","No data","No data","No data","No data","No data","No data","No data","No data","No data","No data","No data","No data","No data","No data","No data","No data","No data"
"Sao Tome and Principe","<100 [<100–<100]","<100 [<100–<100]","<100 [<100–<100]","<100 [<100–<100]","<100 [<100–<100]","<100 [<100–<100]","<100 [<100–<100]","<100 [<100–<200]","<100 [<100–<200]","<200 [<100–<200]","<200 [<100–<200]","<200 [<100–<200]","<200 [<200–<200]","<200 [<200–<500]","<200 [<200–<500]","<500 [<200–<500]","<500 [<200–<500]","<500 [<200–<500]","<500 [<200–<500]","<500 [<200–<500]","<500 [<200–<500]","<500 [<200–<500]","<500 [<200–<500]"
"Saudi Arabia","<200 [<100–<200]","<200 [<100–<200]","<200 [<100–<200]","<200 [<100–<200]","<200 [<200–<200]","<200 [<200–<200]","<500 [<200–<500]","<500 [<500–<500]","<500 [<500–<500]","<500 [<500–510]","<500 [<500–510]","<500 [<500–510]","<500 [<500–<500]","<500 [<500–<500]","<500 [<500–<500]","<500 [<500–500]","<500 [<500–500]","<500 [<500–<500]","<500 [<500–<500]","<500 [<500–<500]","<500 [<500–<500]","<500 [<500–<500]","<500 [<500–<500]"
"Senegal","1000 [800–1300]","1100 [860–1300]","1200 [950–1500]","1300 [1100–1600]","1600 [1300–1900]","1700 [1400–2100]","1900 [1500–2300]","2000 [1600–2500]","2200 [1800–2700]","2300 [1800–2900]","2200 [1800–2800]","2000 [1700–2600]","2000 [1600–2500]","2000 [1600–2500]","2100 [1800–2600]","2900 [2500–3500]","3800 [3300–4400]","3600 [3100–4300]","3400 [2900–4100]","3200 [2700–3800]","2900 [2400–3500]","2600 [2200–3200]","2300 [1900–2800]"
"Serbia","<100 [<100–<100]","<100 [<100–<100]","<100 [<100–<100]","<100 [<100–<100]","<100 [<100–<100]","<100 [<100–<100]","<100 [<100–<100]","<100 [<100–<100]","<100 [<100–<100]","<100 [<100–<100]","<100 [<100–<100]","<100 [<100–<100]","<100 [<100–<100]","<100 [<100–<100]","<100 [<100–<100]","<100 [<100–<100]","<100 [<100–<100]","<100 [<100–<100]","<100 [<100–<100]","<100 [<100–<100]","<100 [<100–<100]","<100 [<100–<100]","<100 [<100–<100]"
"Seychelles","No data","No data","No data","No data","No data","No data","No data","No data","No data","No data","No data","No data","No data","No data","No data","No data","No data","No data","No data","No data","No data","No data","No data"
"Sierra Leone","2300 [1800–2900]","2500 [1900–3200]","2700 [2100–3500]","2800 [2200–3600]","3000 [2400–3700]","3300 [2600–4100]","3500 [2800–4300]","3800 [3100–4600]","3900 [3200–4700]","3800 [3100–4700]","3700 [2900–4600]","3800 [3000–4700]","4000 [3200–5000]","4300 [3500–5300]","4500 [3700–5700]","4700 [3800–5900]","4700 [3800–6000]","4700 [3700–6000]","4500 [3500–5800]","4300 [3200–5600]","4000 [3000–5300]","3500 [2500–4900]","3200 [2300–4500]"
"Singapore","No data","No data","No data","No data","No data","No data","No data","No data","No data","No data","No data","No data","No data","No data","No data","No data","No data","No data","No data","No data","No data","No data","No data"
"Slovakia","<100 [<100–<100]","<100 [<100–<100]","<100 [<100–<100]","<100 [<100–<100]","<100 [<100–<100]","<100 [<100–<100]","<100 [<100–<100]","<100 [<100–<100]","<100 [<100–<100]","<100 [<100–<100]","<100 [<100–<100]","<100 [<100–<100]","<100 [<100–<100]","<100 [<100–<100]","<100 [<100–<100]","<100 [<100–<100]","<100 [<100–<100]","<100 [<100–<100]","<100 [<100–<100]","<100 [<100–<100]","<100 [<100–<100]","<100 [<100–<100]","<100 [<100–<100]"
"Slovenia","No data","No data","No data","No data","No data","No data","No data","No data","No data","No data","No data","No data","No data","No data","No data","No data","No data","No data","No data","No data","No data","No data","No data"
"Solomon Islands","No data","No data","No data","No data","No data","No data","No data","No data","No data","No data","No data","No data","No data","No data","No data","No data","No data","No data","No data","No data","No data","No data","No data"
"Somalia","No data","No data","No data","No data","No data","No data","No data","No data","No data","No data","No data","No data","No data","No data","No data","No data","No data","No data","No data","No data","No data","No data","No data"
"South Africa","45 000 [31 000–90 000]","45 000 [32 000–90 000]","48 000 [34 000–92 000]","51 000 [36 000–97 000]","55 000 [39 000–110 000]","62 000 [41 000–120 000]","69 000 [44 000–130 000]","72 000 [44 000–140 000]","77 000 [45 000–150 000]","87 000 [49 000–170 000]","100 000 [55 000–190 000]","120 000 [62 000–230 000]","150 000 [75 000–280 000]","170 000 [87 000–310 000]","190 000 [100 000–320 000]","220 000 [130 000–360 000]","250 000 [140 000–370 000]","250 000 [160 000–370 000]","250 000 [170 000–370 000]","240 000 [160 000–340 000]","210 000 [140 000–310 000]","190 000 [130 000–270 000]","170 000 [120 000–240 000]"
"South Sudan","7600 [5000–11 000]","7900 [5300–11 000]","8500 [5800–12 000]","8900 [6200–13 000]","9700 [6900–14 000]","11 000 [8300–15 000]","12 000 [9300–17 000]","13 000 [9600–17 000]","14 000 [11 000–19 000]","14 000 [11 000–19 000]","14 000 [11 000–19 000]","14 000 [10 000–18 000]","13 000 [9900–18 000]","13 000 [9600–17 000]","12 000 [9300–17 000]","12 000 [8600–16 000]","11 000 [8000–15 000]","11 000 [7400–14 000]","9800 [6700–13 000]","9100 [6100–12 000]","8400 [5400–11 000]","7600 [4700–10 000]","6900 [4200–9500]"
"Spain","640 [510–780]","650 [510–790]","650 [520–800]","650 [510–800]","660 [520–810]","670 [540–830]","700 [570–870]","750 [610–920]","790 [640–970]","850 [680–1000]","940 [750–1100]","1000 [800–1200]","1200 [930–1400]","1400 [1100–1700]","1600 [1300–1900]","1800 [1400–2100]","2000 [1500–2300]","2100 [1700–2500]","2300 [1800–2700]","2400 [1800–2800]","2400 [1900–2900]","2600 [2000–3200]","2700 [2100–3300]"
"Sri Lanka","<100 [<100–<100]","<100 [<100–<200]","<200 [<100–<200]","<200 [<200–<200]","<200 [<200–<200]","<200 [<200–<500]","<500 [<200–<500]","<500 [<500–<500]","<500 [<500–<500]","<500 [<500–<500]","<500 [<500–<500]","<500 [<500–<500]","<500 [<500–<500]","<500 [<500–<500]","<500 [<500–<500]","<500 [<200–<500]","<500 [<200–<500]","<500 [<200–<500]","<200 [<200–<500]","<200 [<200–<200]","<200 [<200–<200]","<200 [<100–<200]","<100 [<100–<100]"
"Sudan","1900 [1500–2500]","1800 [1400–2200]","1700 [1300–2100]","1700 [1400–2100]","1700 [1400–2200]","1800 [1400–2200]","1900 [1500–2400]","1900 [1600–2400]","1900 [1500–2400]","1900 [1500–2400]","1900 [1400–2400]","1800 [1300–2400]","1700 [1200–2300]","1700 [1300–2300]","1900 [1500–2500]","2000 [1600–2600]","1900 [1500–2500]","1800 [1400–2400]","1700 [1300–2300]","1600 [1200–2300]","1500 [1100–2200]","1400 [970–2000]","1300 [860–1900]"
"Suriname","<500 [<200–<500]","<200 [<200–<500]","<200 [<200–<500]","<200 [<200–<500]","<200 [<200–<500]","<200 [<200–<500]","<200 [<200–<500]","<200 [<200–<500]","<200 [<200–<500]","<200 [<200–<500]","<200 [<200–<500]","<200 [<200–<500]","<200 [<200–<500]","<200 [<200–<500]","<500 [<200–<500]","<500 [<200–<500]","<500 [<200–<500]","<500 [<200–<500]","<500 [<200–<500]","<500 [<500–<500]","<500 [<500–<500]","<500 [<200–<500]","<500 [<200–<500]"
"Sweden","No data","No data","No data","No data","No data","No data","No data","No data","No data","No data","No data","No data","No data","No data","No data","No data","No data","No data","No data","No data","No data","No data","No data"
"Switzerland","No data","No data","No data","No data","No data","No data","No data","No data","No data","No data","No data","No data","No data","No data","No data","No data","No data","No data","No data","No data","No data","No data","No data"
"Syrian Arab Republic","<100 [<100–<100]","<100 [<100–<100]","<100 [<100–<100]","<100 [<100–<100]","<100 [<100–<100]","<100 [<100–<100]","<100 [<100–<100]","<100 [<100–<100]","<100 [<100–<100]","<100 [<100–<100]","<100 [<100–<100]","<100 [<100–<100]","<100 [<100–<100]","<100 [<100–<100]","<100 [<100–<100]","<100 [<100–<100]","<100 [<100–<100]","<100 [<100–<100]","<100 [<100–<100]","<100 [<100–<100]","<100 [<100–<100]","<100 [<100–<100]","<100 [<100–<100]"
"Turkiye","No data","No data","No data","No data","No data","No data","No data","No data","No data","No data","No data","No data","No data","No data","No data","No data","No data","No data","No data","No data","No data","No data","No data"
"Tajikistan","<200 [<200–<200]","<200 [<200–<200]","<200 [<100–<200]","<100 [<100–<200]","<100 [<100–<100]","<100 [<100–<100]","<100 [<100–<100]","<100 [<100–<100]","<100 [<100–<100]","<100 [<100–<100]","<100 [<100–<100]","<100 [<100–<100]","<100 [<100–<100]","<100 [<100–<100]","<100 [<100–<100]","<100 [<100–<100]","<100 [<100–<100]","<100 [<100–<100]","<100 [<100–<100]","<100 [<100–<100]","<100 [<100–<100]","<100 [<100–<100]","<100 [<100–<100]"
"Thailand","11 000 [8800–14 000]","12 000 [9600–15 000]","13 000 [11 000–17 000]","15 000 [12 000–19 000]","16 000 [12 000–20 000]","17 000 [13 000–22 000]","19 000 [15 000–24 000]","21 000 [16 000–26 000]","23 000 [18 000–29 000]","25 000 [19 000–31 000]","26 000 [20 000–33 000]","28 000 [21 000–35 000]","31 000 [24 000–39 000]","33 000 [26 000–41 000]","36 000 [28 000–44 000]","38 000 [30 000–47 000]","41 000 [33 000–50 000]","48 000 [40 000–57 000]","56 000 [48 000–65 000]","61 000 [53 000–69 000]","61 000 [53 000–70 000]","60 000 [52 000–68 000]","56 000 [49 000–63 000]"
"Timor-Leste","<100 [<100–<100]","<100 [<100–<100]","<100 [<100–<100]","<100 [<100–<100]","<100 [<100–<100]","<100 [<100–<100]","<100 [<100–<100]","<100 [<100–<100]","<100 [<100–<100]","<100 [<100–<100]","<100 [<100–<100]","<100 [<100–<100]","<100 [<100–<100]","<100 [<100–<100]","<100 [<100–<100]","<100 [<100–<100]","<100 [<100–<100]","<100 [<100–<100]","<100 [<100–<100]","<100 [<100–<100]","<100 [<100–<100]","<100 [<100–<100]","<100 [<100–<100]"
"Togo","2400 [1700–3600]","2500 [1800–3700]","2800 [2000–3900]","3100 [2300–4300]","3600 [2700–5000]","4100 [3100–5600]","4500 [3300–6100]","5000 [3700–6800]","5200 [3800–7000]","5400 [4000–7200]","5600 [4000–7400]","5900 [4300–7700]","6800 [5200–8900]","7900 [6200–10 000]","8600 [6700–11 000]","8800 [6800–11 000]","8500 [6600–11 000]","8800 [6900–11 000]","9000 [7100–11 000]","8800 [7000–11 000]","8400 [6600–11 000]","7800 [6100–9900]","7000 [5400–9000]"
"Tonga","No data","No data","No data","No data","No data","No data","No data","No data","No data","No data","No data","No data","No data","No data","No data","No data","No data","No data","No data","No data","No data","No data","No data"
"Trinidad and Tobago","<500 [<500–<500]","<500 [<500–<500]","<500 [<200–<500]","<500 [<200–<500]","<500 [<500–<500]","<500 [<500–<500]","<500 [<200–<500]","<500 [<200–<500]","<500 [<200–<500]","<500 [<200–<500]","<500 [<200–<500]","<500 [<500–<500]","<500 [<500–<500]","<500 [<500–510]","<500 [<500–580]","<500 [<500–610]","<500 [<500–650]","510 [<500–690]","530 [<500–760]","570 [<500–860]","600 [<500–960]","570 [<500–1000]","510 [<500–1000]"
"Tunisia","<500 [<500–570]","<500 [<500–590]","<500 [<500–570]","<500 [<500–570]","<500 [<500–560]","<500 [<500–550]","<500 [<500–530]","<500 [<500–<500]","<500 [<200–<500]","<500 [<200–<500]","<500 [<200–<500]","<500 [<200–<500]","<200 [<200–<500]","<200 [<200–<500]","<200 [<100–<500]","<200 [<100–<500]","<200 [<100–<200]","<200 [<100–<200]","<100 [<100–<200]","<100 [<100–<200]","<100 [<100–<200]","<100 [<100–<100]","<100 [<100–<100]"
"Turkmenistan","No data","No data","No data","No data","No data","No data","No data","No data","No data","No data","No data","No data","No data","No data","No data","No data","No data","No data","No data","No data","No data","No data","No data"
"Tuvalu","No data","No data","No data","No data","No data","No data","No data","No data","No data","No data","No data","No data","No data","No data","No data","No data","No data","No data","No data","No data","No data","No data","No data"
"Uganda","17 000 [14 000–24 000]","17 000 [14 000–24 000]","18 000 [14 000–24 000]","19 000 [16 000–25 000]","21 000 [18 000–27 000]","23 000 [19 000–30 000]","24 000 [20 000–32 000]","26 000 [23 000–33 000]","30 000 [26 000–37 000]","34 000 [29 000–42 000]","39 000 [33 000–48 000]","44 000 [38 000–52 000]","48 000 [42 000–56 000]","53 000 [47 000–61 000]","58 000 [52 000–65 000]","63 000 [57 000–70 000]","63 000 [56 000–69 000]","66 000 [60 000–72 000]","75 000 [69 000–82 000]","80 000 [75 000–88 000]","82 000 [76 000–90 000]","83 000 [77 000–92 000]","83 000 [77 000–92 000]"
"Ukraine","No data","No data","No data","No data","No data","No data","No data","No data","No data","No data","No data","No data","No data","No data","No data","No data","No data","No data","No data","No data","No data","No data","No data"
"United Arab Emirates","<100 [<100–<100]","<100 [<100–<100]","<100 [<100–<100]","<100 [<100–<100]","<100 [<100–<100]","<100 [<100–<100]","<100 [<100–<100]","<100 [<100–<100]","<100 [<100–<100]","<100 [<100–<100]","<100 [<100–<100]","<100 [<100–<100]","<100 [<100–<100]","<100 [<100–<100]","<100 [<100–<100]","<100 [<100–<100]","<100 [<100–<100]","<100 [<100–<100]","<100 [<100–<100]","<100 [<100–<100]","<100 [<100–<100]","<100 [<100–<100]","<100 [<100–<100]"
"United Kingdom of Great Britain and Northern Ireland","No data","No data","No data","No data","No data","No data","No data","No data","No data","No data","No data","No data","No data","No data","No data","No data","No data","No data","No data","No data","No data","No data","No data"
"United Republic of Tanzania","22 000 [19 000–26 000]","25 000 [21 000–29 000]","29 000 [25 000–35 000]","30 000 [26 000–39 000]","31 000 [27 000–40 000]","34 000 [29 000–45 000]","36 000 [30 000–47 000]","38 000 [32 000–49 000]","42 000 [35 000–54 000]","47 000 [39 000–60 000]","57 000 [49 000–72 000]","65 000 [57 000–79 000]","68 000 [60 000–82 000]","74 000 [66 000–88 000]","79 000 [71 000–92 000]","90 000 [81 000–100 000]","110 000 [99 000–120 000]","120 000 [110 000–130 000]","120 000 [110 000–130 000]","120 000 [110 000–130 000]","120 000 [110 000–130 000]","110 000 [100 000–130 000]","110 000 [100 000–130 000]"
"United States of America","No data","No data","No data","No data","No data","No data","No data","No data","No data","No data","No data","No data","No data","No data","No data","No data","No data","No data","No data","No data","No data","No data","No data"
"Uruguay","<200 [<200–<500]","<200 [<200–<500]","<500 [<200–<500]","<200 [<200–<500]","<200 [<200–<500]","<500 [<200–<500]","<200 [<200–<500]","<200 [<200–<500]","<200 [<200–<200]","<500 [<200–<500]","<500 [<200–<500]","<200 [<200–<500]","<500 [<200–<500]","<500 [<200–<500]","<500 [<200–<500]","<200 [<200–<500]","<200 [<200–<500]","<200 [<200–<500]","<200 [<200–<500]","<200 [<200–<200]","<200 [<200–<200]","<200 [<200–<200]","<200 [<200–<200]"
"Uzbekistan","1100 [840–1400]","1000 [810–1300]","870 [700–1100]","740 [610–940]","750 [640–900]","790 [680–950]","870 [750–1000]","980 [870–1200]","1000 [890–1200]","1000 [860–1200]","650 [540–800]","<500 [<500–600]","<500 [<500–530]","<500 [<500–<500]","<500 [<500–<500]","<500 [<500–<500]","<500 [<200–<500]","<500 [<200–<500]","<200 [<100–<500]","<100 [<100–<200]","<100 [<100–<200]","<100 [<100–<100]","<100 [<100–<100]"
"Vanuatu","No data","No data","No data","No data","No data","No data","No data","No data","No data","No data","No data","No data","No data","No data","No data","No data","No data","No data","No data","No data","No data","No data","No data"
"Venezuela (Bolivarian Republic of)","1500 [1300–1900]","1800 [1500–2100]","2400 [2100–2800]","4400 [3800–5000]","4400 [3700–5200]","3000 [2400–3700]","2200 [1800–2600]","2600 [2200–3100]","3000 [2400–3700]","2600 [2000–3300]","2400 [1900–3000]","2300 [1800–2800]","2300 [1900–2900]","2400 [1900–2900]","2300 [1900–2800]","2300 [1900–2700]","2500 [2100–3000]","2600 [2100–3100]","2200 [1800–2700]","2000 [1600–2400]","1800 [1600–2200]","1800 [1600–2200]","1900 [1600–2200]"
"Viet Nam","4100 [3000–5500]","4300 [3100–5800]","4700 [3400–6200]","5000 [3600–6600]","5300 [3700–7000]","5100 [3500–6900]","4600 [3200–6400]","4800 [3300–6700]","5200 [3500–7100]","5500 [3800–7400]","5800 [4100–7800]","6000 [4300–7900]","6000 [4300–8000]","6700 [5000–8600]","8100 [6500–10 000]","9600 [7900–11 000]","10 000 [8800–12 000]","11 000 [9000–12 000]","9800 [8400–11 000]","8600 [7400–10 000]","7500 [6400–8600]","6300 [5400–7300]","5200 [4400–6000]"
"Yemen","<500 [<500–<500]","<500 [<500–<500]","<500 [<500–<500]","<500 [<500–<500]","<500 [<500–<500]","<500 [<500–<500]","<500 [<500–<500]","<500 [<500–<500]","<500 [<500–<500]","<500 [<500–<500]","<500 [<200–<500]","<200 [<200–<500]","<500 [<200–<500]","<500 [<200–<500]","<500 [<200–<500]","<500 [<500–<500]","<500 [<500–<500]","<500 [<200–<500]","<200 [<200–<500]","<200 [<200–<200]","<200 [<200–<200]","<200 [<200–<200]","<200 [<200–<200]"
"Zambia","19 000 [17 000–23 000]","20 000 [17 000–23 000]","23 000 [21 000–27 000]","25 000 [22 000–29 000]","25 000 [22 000–30 000]","23 000 [19 000–28 000]","23 000 [20 000–27 000]","25 000 [22 000–30 000]","26 000 [23 000–31 000]","27 000 [24 000–32 000]","28 000 [25 000–34 000]","30 000 [26 000–36 000]","31 000 [27 000–37 000]","34 000 [30 000–40 000]","39 000 [35 000–45 000]","49 000 [45 000–55 000]","57 000 [53 000–64 000]","61 000 [58 000–68 000]","64 000 [60 000–71 000]","67 000 [62 000–73 000]","67 000 [63 000–74 000]","64 000 [60 000–71 000]","61 000 [56 000–68 000]"
"Zimbabwe","20 000 [17 000–24 000]","21 000 [17 000–25 000]","23 000 [19 000–27 000]","24 000 [19 000–28 000]","25 000 [21 000–30 000]","27 000 [22 000–33 000]","28 000 [23 000–34 000]","29 000 [24 000–35 000]","31 000 [25 000–37 000]","34 000 [28 000–41 000]","38 000 [32 000–46 000]","45 000 [37 000–54 000]","57 000 [47 000–68 000]","73 000 [60 000–87 000]","85 000 [70 000–100 000]","97 000 [80 000–120 000]","110 000 [89 000–130 000]","120 000 [96 000–140 000]","120 000 [100 000–150 000]","130 000 [100 000–150 000]","130 000 [110 000–160 000]","130 000 [110 000–160 000]","130 000 [110 000–150 000]"
